long,lat,order,piece,linkid,group,citycode
8.629155,49.8699086,1,1,0,0.1,darmstadt
8.6296465,49.869922,2,1,0,0.1,darmstadt
8.6329355,49.870358,3,1,0,0.1,darmstadt
8.629155,49.8698798,1,1,1,1.1,darmstadt
8.6297123,49.8698942,2,1,1,1.1,darmstadt
8.6329163,49.8703222,3,1,1,1.1,darmstadt
8.621269,49.868651,1,1,2,2.1,darmstadt
8.62809,49.869596,2,1,2,2.1,darmstadt
8.6285501,49.8696555,3,1,2,2.1,darmstadt
8.6286209,49.8695553,1,1,3,3.1,darmstadt
8.6281245,49.869566,2,1,3,3.1,darmstadt
8.6277327,49.8695127,3,1,3,3.1,darmstadt
8.626748,49.869382,4,1,3,3.1,darmstadt
8.6247062,49.8690963,5,1,3,3.1,darmstadt
8.621269,49.868651,6,1,3,3.1,darmstadt
8.621258,49.868682,1,1,4,4.1,darmstadt
8.6249687,49.8691948,2,1,4,4.1,darmstadt
8.6268322,49.869453,3,1,4,4.1,darmstadt
8.6276405,49.8695716,4,1,4,4.1,darmstadt
8.628524,49.869673,5,1,4,4.1,darmstadt
8.6290945,49.869731,1,1,5,5.1,darmstadt
8.62986,49.869878,2,1,5,5.1,darmstadt
8.630938,49.870013,3,1,5,5.1,darmstadt
8.631469,49.870053,4,1,5,5.1,darmstadt
8.632805,49.870201,5,1,5,5.1,darmstadt
8.632816,49.87017,1,1,6,6.1,darmstadt
8.631064,49.869992,2,1,6,6.1,darmstadt
8.630874,49.869984,3,1,6,6.1,darmstadt
8.629881,49.869845,4,1,6,6.1,darmstadt
8.629078,49.8696924,5,1,6,6.1,darmstadt
8.633338,49.87015,1,1,7,7.1,darmstadt
8.6335951,49.8694813,2,1,7,7.1,darmstadt
8.6335551,49.8694719,1,1,8,8.1,darmstadt
8.63329,49.870139,2,1,8,8.1,darmstadt
8.6334192,49.8697398,1,1,9,9.1,darmstadt
8.633248,49.870135,2,1,9,9.1,darmstadt
8.632979,49.870618,1,1,10,10.1,darmstadt
8.632859,49.871405,2,1,10,10.1,darmstadt
8.6326925,49.872551,3,1,10,10.1,darmstadt
8.633025,49.870627,1,1,11,11.1,darmstadt
8.6327275,49.8726056,2,1,11,11.1,darmstadt
8.641866,49.871663,1,1,12,12.1,darmstadt
8.642175,49.871703,2,1,12,12.1,darmstadt
8.642481,49.871709,3,1,12,12.1,darmstadt
8.642995,49.871787,4,1,12,12.1,darmstadt
8.643263,49.8718436,5,1,12,12.1,darmstadt
8.643523,49.871883,6,1,12,12.1,darmstadt
8.6442008,49.8719653,7,1,12,12.1,darmstadt
8.6441708,49.8719236,1,1,13,13.1,darmstadt
8.6435923,49.8718696,2,1,13,13.1,darmstadt
8.643097,49.871781,3,1,13,13.1,darmstadt
8.6427386,49.8717087,4,1,13,13.1,darmstadt
8.6425581,49.8716906,5,1,13,13.1,darmstadt
8.642399,49.871683,6,1,13,13.1,darmstadt
8.642179,49.871671,7,1,13,13.1,darmstadt
8.641866,49.871633,8,1,13,13.1,darmstadt
8.641308,49.871355,1,1,14,14.1,darmstadt
8.635385,49.8705588,2,1,14,14.1,darmstadt
8.641298,49.871379,1,1,15,15.1,darmstadt
8.6353892,49.8705851,2,1,15,15.1,darmstadt
8.641749,49.871281,1,1,16,16.1,darmstadt
8.642471,49.869106,2,1,16,16.1,darmstadt
8.641717,49.871278,1,1,17,17.1,darmstadt
8.642435,49.869099,2,1,17,17.1,darmstadt
8.6442889,49.8720903,1,1,18,18.1,darmstadt
8.6439428,49.8730375,2,1,18,18.1,darmstadt
8.644858,49.871628,1,1,19,19.1,darmstadt
8.645004,49.871412,2,1,19,19.1,darmstadt
8.645242,49.87077,3,1,19,19.1,darmstadt
8.6456411,49.869642,4,1,19,19.1,darmstadt
8.6456031,49.8696376,1,1,20,20.1,darmstadt
8.644937,49.871403,2,1,20,20.1,darmstadt
8.64482,49.871615,3,1,20,20.1,darmstadt
8.641929,49.87146,1,1,21,21.1,darmstadt
8.642902,49.871624,2,1,21,21.1,darmstadt
8.643349,49.871648,3,1,21,21.1,darmstadt
8.643975,49.871729,4,1,21,21.1,darmstadt
8.6498536,49.8701198,1,1,22,22.1,darmstadt
8.6491396,49.8724058,2,1,22,22.1,darmstadt
8.6449287,49.8718995,1,1,23,23.1,darmstadt
8.64686,49.8721937,2,1,23,23.1,darmstadt
8.6484625,49.8724047,3,1,23,23.1,darmstadt
8.6487885,49.8724517,4,1,23,23.1,darmstadt
8.6487778,49.8724871,1,1,24,24.1,darmstadt
8.6467414,49.8722105,2,1,24,24.1,darmstadt
8.6449062,49.8719373,3,1,24,24.1,darmstadt
8.6368098,49.8709546,1,1,25,25.1,darmstadt
8.6372768,49.8709946,2,1,25,25.1,darmstadt
8.6412643,49.8715646,3,1,25,25.1,darmstadt
8.636808,49.8709282,1,1,26,26.1,darmstadt
8.637263,49.8709642,2,1,26,26.1,darmstadt
8.641439,49.8715532,3,1,26,26.1,darmstadt
8.635385,49.8705588,1,1,27,27.1,darmstadt
8.63329,49.8702688,2,1,27,27.1,darmstadt
8.6332797,49.870299,1,1,28,28.1,darmstadt
8.6353677,49.870586,2,1,28,28.1,darmstadt
8.651111,49.882068,1,1,29,29.1,darmstadt
8.651304,49.882953,2,1,29,29.1,darmstadt
8.651456,49.883438,3,1,29,29.1,darmstadt
8.651492,49.883708,4,1,29,29.1,darmstadt
8.651444,49.883711,1,1,30,30.1,darmstadt
8.651425,49.883445,2,1,30,30.1,darmstadt
8.6512842,49.8830106,3,1,30,30.1,darmstadt
8.6510654,49.8820654,4,1,30,30.1,darmstadt
8.6460454,49.8821066,1,1,31,31.1,darmstadt
8.6465094,49.8824186,2,1,31,31.1,darmstadt
8.6476084,49.8829694,3,1,31,31.1,darmstadt
8.6484064,49.8832756,4,1,31,31.1,darmstadt
8.6486847,49.8833757,5,1,31,31.1,darmstadt
8.6491411,49.8835191,6,1,31,31.1,darmstadt
8.649417,49.8835941,7,1,31,31.1,darmstadt
8.6512451,49.8840294,1,1,32,32.1,darmstadt
8.6496032,49.8836123,2,1,32,32.1,darmstadt
8.6491467,49.8834925,3,1,32,32.1,darmstadt
8.6486473,49.8833398,4,1,32,32.1,darmstadt
8.6476646,49.8829584,5,1,32,32.1,darmstadt
8.6465407,49.8823881,6,1,32,32.1,darmstadt
8.6460763,49.8820795,7,1,32,32.1,darmstadt
8.646114,49.8820602,1,1,33,33.1,darmstadt
8.646578,49.8823836,2,1,33,33.1,darmstadt
8.6476567,49.8829228,3,1,33,33.1,darmstadt
8.6486233,49.8833021,4,1,33,33.1,darmstadt
8.649488,49.8835672,5,1,33,33.1,darmstadt
8.651264,49.8839972,6,1,33,33.1,darmstadt
8.6457923,49.8816735,1,1,34,34.1,darmstadt
8.6445153,49.8802665,2,1,34,34.1,darmstadt
8.6442773,49.8799615,3,1,34,34.1,darmstadt
8.6437633,49.8781315,4,1,34,34.1,darmstadt
8.643731,49.8781393,1,1,35,35.1,darmstadt
8.644221,49.8799743,2,1,35,35.1,darmstadt
8.645754,49.8816933,3,1,35,35.1,darmstadt
8.643609,49.878279,1,1,36,36.1,darmstadt
8.644009,49.879797,2,1,36,36.1,darmstadt
8.644266,49.880203,3,1,36,36.1,darmstadt
8.644773,49.880787,4,1,36,36.1,darmstadt
8.645674,49.88176,5,1,36,36.1,darmstadt
8.645712,49.881744,1,1,37,37.1,darmstadt
8.644301,49.880192,2,1,37,37.1,darmstadt
8.644057,49.879793,3,1,37,37.1,darmstadt
8.643663,49.878277,4,1,37,37.1,darmstadt
8.643724,49.877977,1,1,38,38.1,darmstadt
8.643531,49.877111,2,1,38,38.1,darmstadt
8.643354,49.876506,3,1,38,38.1,darmstadt
8.643303,49.876516,1,1,39,39.1,darmstadt
8.64352,49.877211,2,1,39,39.1,darmstadt
8.643684,49.877982,3,1,39,39.1,darmstadt
8.643239,49.875234,1,1,40,40.1,darmstadt
8.643153,49.875475,2,1,40,40.1,darmstadt
8.643089,49.875771,3,1,40,40.1,darmstadt
8.6431061,49.8761498,4,1,40,40.1,darmstadt
8.643209,49.876532,5,1,40,40.1,darmstadt
8.643276,49.87524,1,1,41,41.1,darmstadt
8.6432,49.87549,2,1,41,41.1,darmstadt
8.643137,49.875776,3,1,41,41.1,darmstadt
8.6431596,49.8761591,4,1,41,41.1,darmstadt
8.643252,49.876525,5,1,41,41.1,darmstadt
8.64352,49.874862,1,1,42,42.1,darmstadt
8.644057,49.873154,2,1,42,42.1,darmstadt
8.644022,49.873147,1,1,43,43.1,darmstadt
8.643488,49.874855,2,1,43,43.1,darmstadt
8.646649,49.865571,1,1,44,44.1,darmstadt
8.646583,49.865776,2,1,44,44.1,darmstadt
8.645747,49.868374,3,1,44,44.1,darmstadt
8.645795,49.868376,1,1,45,45.1,darmstadt
8.646691,49.865573,2,1,45,45.1,darmstadt
8.6472821,49.8654206,1,1,46,46.1,darmstadt
8.6476386,49.8654276,2,1,46,46.1,darmstadt
8.6479725,49.8654531,3,1,46,46.1,darmstadt
8.6503671,49.8657599,4,1,46,46.1,darmstadt
8.6516019,49.8659323,5,1,46,46.1,darmstadt
8.6521764,49.8660565,6,1,46,46.1,darmstadt
8.6527402,49.8661358,7,1,46,46.1,darmstadt
8.647141,49.865163,1,1,47,47.1,darmstadt
8.647198,49.864986,2,1,47,47.1,darmstadt
8.6474143,49.8642906,3,1,47,47.1,darmstadt
8.6474052,49.8634568,4,1,47,47.1,darmstadt
8.647312,49.8618446,5,1,47,47.1,darmstadt
8.647086,49.865152,1,1,48,48.1,darmstadt
8.647142,49.864979,2,1,48,48.1,darmstadt
8.6473404,49.864296,3,1,48,48.1,darmstadt
8.6473457,49.8635439,4,1,48,48.1,darmstadt
8.6472489,49.8618668,5,1,48,48.1,darmstadt
8.646491,49.865331,1,1,49,49.1,darmstadt
8.646129,49.865368,2,1,49,49.1,darmstadt
8.64582,49.865368,3,1,49,49.1,darmstadt
8.645633,49.865342,4,1,49,49.1,darmstadt
8.645296,49.865255,5,1,49,49.1,darmstadt
8.644046,49.864494,6,1,49,49.1,darmstadt
8.644037,49.8645558,1,1,50,50.1,darmstadt
8.645252,49.8652678,2,1,50,50.1,darmstadt
8.645584,49.8653668,3,1,50,50.1,darmstadt
8.645863,49.8654018,4,1,50,50.1,darmstadt
8.646105,49.8654048,5,1,50,50.1,darmstadt
8.646488,49.8653668,6,1,50,50.1,darmstadt
8.6467963,49.858541,1,1,51,51.1,darmstadt
8.6468143,49.8588802,2,1,51,51.1,darmstadt
8.646854,49.859397,3,1,51,51.1,darmstadt
8.647005,49.86147,4,1,51,51.1,darmstadt
8.6468253,49.8585415,1,1,52,52.1,darmstadt
8.6468523,49.8588866,2,1,52,52.1,darmstadt
8.646884,49.859378,3,1,52,52.1,darmstadt
8.647048,49.861462,4,1,52,52.1,darmstadt
8.646968,49.8581964,1,1,53,53.1,darmstadt
8.64694,49.8578124,2,1,53,53.1,darmstadt
8.646868,49.8570804,3,1,53,53.1,darmstadt
8.6469146,49.8581959,1,1,54,54.1,darmstadt
8.6468916,49.8577499,2,1,54,54.1,darmstadt
8.6468346,49.8570819,3,1,54,54.1,darmstadt
8.646457,49.853628,1,1,55,55.1,darmstadt
8.646473,49.853861,2,1,55,55.1,darmstadt
8.6466331,49.8558028,3,1,55,55.1,darmstadt
8.6465,49.853628,1,1,56,56.1,darmstadt
8.646514,49.853858,2,1,56,56.1,darmstadt
8.6466704,49.8557956,3,1,56,56.1,darmstadt
8.646987,49.853406,1,1,57,57.1,darmstadt
8.647344,49.853406,2,1,57,57.1,darmstadt
8.651878,49.853433,3,1,57,57.1,darmstadt
8.646584,49.853105,1,1,58,58.1,darmstadt
8.646566,49.852888,2,1,58,58.1,darmstadt
8.646079,49.843629,3,1,58,58.1,darmstadt
8.646543,49.853106,1,1,59,59.1,darmstadt
8.646527,49.852902,2,1,59,59.1,darmstadt
8.645983,49.843622,3,1,59,59.1,darmstadt
8.64627,49.853307,1,1,60,60.1,darmstadt
8.645912,49.853317,2,1,60,60.1,darmstadt
8.645024,49.853371,3,1,60,60.1,darmstadt
8.644545,49.853386,4,1,60,60.1,darmstadt
8.643652,49.853494,5,1,60,60.1,darmstadt
8.643169,49.853552,6,1,60,60.1,darmstadt
8.643182,49.853571,1,1,61,61.1,darmstadt
8.644544,49.853412,2,1,61,61.1,darmstadt
8.645411,49.853367,3,1,61,61.1,darmstadt
8.64591,49.85335,4,1,61,61.1,darmstadt
8.646268,49.853335,5,1,61,61.1,darmstadt
8.640829,49.862568,1,1,62,62.1,darmstadt
8.641167,49.86275,2,1,62,62.1,darmstadt
8.643735,49.86437,3,1,62,62.1,darmstadt
8.640545,49.862313,1,1,63,63.1,darmstadt
8.640233,49.862128,2,1,63,63.1,darmstadt
8.635212,49.85904,3,1,63,63.1,darmstadt
8.6431358,49.8538203,1,1,64,64.1,darmstadt
8.643244,49.85412,2,1,64,64.1,darmstadt
8.6436532,49.8551469,3,1,64,64.1,darmstadt
8.6439096,49.8559905,4,1,64,64.1,darmstadt
8.6442195,49.8571836,5,1,64,64.1,darmstadt
8.644288,49.858356,6,1,64,64.1,darmstadt
8.643179,49.853814,1,1,65,65.1,darmstadt
8.643277,49.854112,2,1,65,65.1,darmstadt
8.6436649,49.8550398,3,1,65,65.1,darmstadt
8.6437077,49.8551401,4,1,65,65.1,darmstadt
8.6439705,49.8559633,5,1,65,65.1,darmstadt
8.644293,49.857201,6,1,65,65.1,darmstadt
8.644341,49.858342,7,1,65,65.1,darmstadt
8.6435313,49.8535951,1,1,66,66.1,darmstadt
8.643956,49.853546,2,1,66,66.1,darmstadt
8.644725,49.853474,3,1,66,66.1,darmstadt
8.6454619,49.8534278,4,1,66,66.1,darmstadt
8.6463116,49.8534144,5,1,66,66.1,darmstadt
8.643173,49.853405,1,1,67,67.1,darmstadt
8.64254,49.851538,2,1,67,67.1,darmstadt
8.642152,49.850478,3,1,67,67.1,darmstadt
8.641369,49.849149,4,1,67,67.1,darmstadt
8.640414,49.847697,5,1,67,67.1,darmstadt
8.639653,49.846008,6,1,67,67.1,darmstadt
8.63829,49.842079,7,1,67,67.1,darmstadt
8.636938,49.838744,8,1,67,67.1,darmstadt
8.636338,49.83727,9,1,67,67.1,darmstadt
8.635533,49.834066,10,1,67,67.1,darmstadt
8.63534,49.831907,11,1,67,67.1,darmstadt
8.635243,49.82983,12,1,67,67.1,darmstadt
8.634567,49.827637,13,1,67,67.1,darmstadt
8.633838,49.826204,14,1,67,67.1,darmstadt
8.633323,49.825415,15,1,67,67.1,darmstadt
8.631767,49.823145,16,1,67,67.1,darmstadt
8.630297,49.820674,17,1,67,67.1,darmstadt
8.62989,49.819601,18,1,67,67.1,darmstadt
8.629535,49.818175,19,1,67,67.1,darmstadt
8.629589,49.81706,20,1,67,67.1,darmstadt
8.629879,49.816229,21,1,67,67.1,darmstadt
8.630136,49.815592,22,1,67,67.1,darmstadt
8.63005,49.815599,1,1,68,68.1,darmstadt
8.62946,49.817039,2,1,68,68.1,darmstadt
8.629417,49.818147,3,1,68,68.1,darmstadt
8.629782,49.819594,4,1,68,68.1,darmstadt
8.630168,49.820632,5,1,68,68.1,darmstadt
8.631703,49.823186,6,1,68,68.1,darmstadt
8.63373,49.826204,7,1,68,68.1,darmstadt
8.634481,49.827602,8,1,68,68.1,darmstadt
8.635168,49.829817,9,1,68,68.1,darmstadt
8.635436,49.834038,10,1,68,68.1,darmstadt
8.636241,49.837256,11,1,68,68.1,darmstadt
8.637475,49.840294,12,1,68,68.1,darmstadt
8.638859,49.843954,13,1,68,68.1,darmstadt
8.639567,49.846098,14,1,68,68.1,darmstadt
8.64035,49.84778,15,1,68,68.1,darmstadt
8.641348,49.849226,16,1,68,68.1,darmstadt
8.642056,49.850457,17,1,68,68.1,darmstadt
8.643128,49.853412,18,1,68,68.1,darmstadt
8.64283,49.853614,1,1,69,69.1,darmstadt
8.642436,49.853686,2,1,69,69.1,darmstadt
8.641136,49.853988,3,1,69,69.1,darmstadt
8.639747,49.854417,4,1,69,69.1,darmstadt
8.6375307,49.8552185,5,1,69,69.1,darmstadt
8.6428353,49.8536396,1,1,70,70.1,darmstadt
8.6424543,49.8537076,2,1,70,70.1,darmstadt
8.6411723,49.8539946,3,1,70,70.1,darmstadt
8.6397023,49.8544548,4,1,70,70.1,darmstadt
8.6375324,49.8552536,5,1,70,70.1,darmstadt
8.6435423,49.8535671,1,1,71,71.1,darmstadt
8.643964,49.853523,2,1,71,71.1,darmstadt
8.6448175,49.8534349,3,1,71,71.1,darmstadt
8.6455822,49.8534007,4,1,71,71.1,darmstadt
8.6463209,49.8533859,5,1,71,71.1,darmstadt
8.647046,49.861892,1,1,72,72.1,darmstadt
8.647063,49.862207,2,1,72,72.1,darmstadt
8.647109,49.862494,3,1,72,72.1,darmstadt
8.6471868,49.8631122,4,1,72,72.1,darmstadt
8.6472377,49.8639344,5,1,72,72.1,darmstadt
8.6470232,49.8646477,6,1,72,72.1,darmstadt
8.6468408,49.8652019,7,1,72,72.1,darmstadt
8.647084,49.861893,1,1,73,73.1,darmstadt
8.647112,49.862226,2,1,73,73.1,darmstadt
8.647225,49.862783,3,1,73,73.1,darmstadt
8.6472826,49.8635497,4,1,73,73.1,darmstadt
8.6472865,49.8640191,5,1,73,73.1,darmstadt
8.6468759,49.8652137,6,1,73,73.1,darmstadt
8.647238,49.86141,1,1,74,74.1,darmstadt
8.647226,49.861143,2,1,74,74.1,darmstadt
8.647117,49.860497,3,1,74,74.1,darmstadt
8.646959,49.858467,4,1,74,74.1,darmstadt
8.647219,49.861408,1,1,75,75.1,darmstadt
8.647192,49.861171,2,1,75,75.1,darmstadt
8.6470962,49.8605798,3,1,75,75.1,darmstadt
8.6470219,49.859871,4,1,75,75.1,darmstadt
8.646927,49.858481,5,1,75,75.1,darmstadt
8.645399,49.869557,1,1,76,76.1,darmstadt
8.6453122,49.8699215,2,1,76,76.1,darmstadt
8.645108,49.87041,3,1,76,76.1,darmstadt
8.6448236,49.8710125,4,1,76,76.1,darmstadt
8.6445769,49.8713894,5,1,76,76.1,darmstadt
8.644373,49.871756,6,1,76,76.1,darmstadt
8.645449,49.869556,1,1,77,77.1,darmstadt
8.6453482,49.8699355,2,1,77,77.1,darmstadt
8.645114,49.870461,3,1,77,77.1,darmstadt
8.6448915,49.8709952,4,1,77,77.1,darmstadt
8.644411,49.871766,5,1,77,77.1,darmstadt
8.645736,49.86929,1,1,78,78.1,darmstadt
8.645839,49.868974,2,1,78,78.1,darmstadt
8.646012,49.868481,3,1,78,78.1,darmstadt
8.64569,49.869282,1,1,79,79.1,darmstadt
8.645794,49.868968,2,1,79,79.1,darmstadt
8.645972,49.868459,3,1,79,79.1,darmstadt
8.643872,49.873293,1,1,80,80.1,darmstadt
8.643798,49.873564,2,1,80,80.1,darmstadt
8.643636,49.874058,3,1,80,80.1,darmstadt
8.643343,49.874955,4,1,80,80.1,darmstadt
8.643405,49.874966,1,1,81,81.1,darmstadt
8.643641,49.874177,2,1,81,81.1,darmstadt
8.643837,49.873573,3,1,81,81.1,darmstadt
8.643912,49.873299,4,1,81,81.1,darmstadt
8.644467,49.8720334,1,1,82,82.1,darmstadt
8.6442008,49.8726791,2,1,82,82.1,darmstadt
8.6441228,49.872917,3,1,82,82.1,darmstadt
8.6441614,49.8729246,1,1,83,83.1,darmstadt
8.6443128,49.8725083,2,1,83,83.1,darmstadt
8.644513,49.8720653,3,1,83,83.1,darmstadt
8.643574,49.878091,1,1,84,84.1,darmstadt
8.643314,49.877024,2,1,84,84.1,darmstadt
8.643278,49.876813,3,1,84,84.1,darmstadt
8.643318,49.876809,1,1,85,85.1,darmstadt
8.643365,49.877019,2,1,85,85.1,darmstadt
8.64361,49.878082,3,1,85,85.1,darmstadt
8.643327,49.876427,1,1,86,86.1,darmstadt
8.643279,49.876224,2,1,86,86.1,darmstadt
8.643255,49.876106,3,1,86,86.1,darmstadt
8.643234,49.875955,4,1,86,86.1,darmstadt
8.643243,49.875788,5,1,86,86.1,darmstadt
8.643259,49.875648,6,1,86,86.1,darmstadt
8.64342,49.875159,7,1,86,86.1,darmstadt
8.643286,49.876434,1,1,87,87.1,darmstadt
8.643236,49.876234,2,1,87,87.1,darmstadt
8.643201,49.876068,3,1,87,87.1,darmstadt
8.643189,49.875984,4,1,87,87.1,darmstadt
8.643193,49.875794,5,1,87,87.1,darmstadt
8.643217,49.875647,6,1,87,87.1,darmstadt
8.643388,49.875153,7,1,87,87.1,darmstadt
8.655682,49.866444,1,1,88,88.1,darmstadt
8.655247,49.866387,2,1,88,88.1,darmstadt
8.653097,49.866103,3,1,88,88.1,darmstadt
8.655684,49.866472,1,1,89,89.1,darmstadt
8.655331,49.866422,2,1,89,89.1,darmstadt
8.655244,49.866411,3,1,89,89.1,darmstadt
8.653104,49.866141,4,1,89,89.1,darmstadt
8.663698,49.867743,1,1,90,90.1,darmstadt
8.663526,49.867918,2,1,90,90.1,darmstadt
8.662694,49.868716,3,1,90,90.1,darmstadt
8.662366,49.869031,4,1,90,90.1,darmstadt
8.663656,49.867729,1,1,91,91.1,darmstadt
8.663449,49.867919,2,1,91,91.1,darmstadt
8.662722,49.868624,3,1,91,91.1,darmstadt
8.662323,49.869021,4,1,91,91.1,darmstadt
8.664156,49.867648,1,1,92,92.1,darmstadt
8.664434,49.867678,2,1,92,92.1,darmstadt
8.666158,49.867799,3,1,92,92.1,darmstadt
8.66662,49.867814,4,1,92,92.1,darmstadt
8.669319,49.868002,5,1,92,92.1,darmstadt
8.6641237,49.8674772,1,1,93,93.1,darmstadt
8.6643287,49.8672522,2,1,93,93.1,darmstadt
8.6650038,49.8662282,3,1,93,93.1,darmstadt
8.650253,49.874062,1,1,94,94.1,darmstadt
8.6497028,49.8758348,2,1,94,94.1,darmstadt
8.650312,49.874072,1,1,95,95.1,darmstadt
8.6497652,49.8758383,2,1,95,95.1,darmstadt
8.6562365,49.8743997,1,1,96,96.1,darmstadt
8.6562239,49.8743278,2,1,96,96.1,darmstadt
8.6562598,49.8741557,3,1,96,96.1,darmstadt
8.6563363,49.8738796,4,1,96,96.1,darmstadt
8.656512,49.873479,5,1,96,96.1,darmstadt
8.6567114,49.8732971,6,1,96,96.1,darmstadt
8.6561162,49.8743673,1,1,97,97.1,darmstadt
8.6562232,49.8740863,2,1,97,97.1,darmstadt
8.6563845,49.8736246,3,1,97,97.1,darmstadt
8.6565994,49.8732286,4,1,97,97.1,darmstadt
8.6560815,49.8743415,1,1,98,98.1,darmstadt
8.6561735,49.8740505,2,1,98,98.1,darmstadt
8.6563259,49.8736362,3,1,98,98.1,darmstadt
8.6565641,49.873208,4,1,98,98.1,darmstadt
8.6613105,49.8780686,1,1,99,99.1,darmstadt
8.6615785,49.8766536,2,1,99,99.1,darmstadt
8.6616165,49.8764776,3,1,99,99.1,darmstadt
8.661939,49.876457,1,1,100,100.1,darmstadt
8.662199,49.876603,2,1,100,100.1,darmstadt
8.663807,49.877454,3,1,100,100.1,darmstadt
8.665242,49.877941,4,1,100,100.1,darmstadt
8.66555,49.878094,5,1,100,100.1,darmstadt
8.666276,49.87852,6,1,100,100.1,darmstadt
8.666518,49.878602,7,1,100,100.1,darmstadt
8.668905,49.878846,8,1,100,100.1,darmstadt
8.669946,49.879181,9,1,100,100.1,darmstadt
8.6618332,49.8762165,1,1,101,101.1,darmstadt
8.6620707,49.8759762,2,1,101,101.1,darmstadt
8.662453,49.875548,3,1,101,101.1,darmstadt
8.6627115,49.8750884,4,1,101,101.1,darmstadt
8.6628824,49.8745781,5,1,101,101.1,darmstadt
8.66282,49.8740746,6,1,101,101.1,darmstadt
8.6627415,49.8736093,7,1,101,101.1,darmstadt
8.6626737,49.8731093,8,1,101,101.1,darmstadt
8.6615475,49.8762035,1,1,102,102.1,darmstadt
8.659903,49.87541,2,1,102,102.1,darmstadt
8.659603,49.875316,3,1,102,102.1,darmstadt
8.659402,49.875242,4,1,102,102.1,darmstadt
8.656642,49.874608,5,1,102,102.1,darmstadt
8.656408,49.874533,6,1,102,102.1,darmstadt
8.656285,49.874411,7,1,102,102.1,darmstadt
8.656824,49.873261,1,1,103,103.1,darmstadt
8.657331,49.873257,2,1,103,103.1,darmstadt
8.657866,49.873267,3,1,103,103.1,darmstadt
8.658944,49.873217,4,1,103,103.1,darmstadt
8.659985,49.873148,5,1,103,103.1,darmstadt
8.660772,49.873103,6,1,103,103.1,darmstadt
8.662446,49.872997,7,1,103,103.1,darmstadt
8.656816,49.873237,1,1,104,104.1,darmstadt
8.65732,49.873224,2,1,104,104.1,darmstadt
8.658106,49.873235,3,1,104,104.1,darmstadt
8.659064,49.873185,4,1,104,104.1,darmstadt
8.659737,49.87315,5,1,104,104.1,darmstadt
8.661145,49.873059,6,1,104,104.1,darmstadt
8.662433,49.872953,7,1,104,104.1,darmstadt
8.656808,49.872997,1,1,105,105.1,darmstadt
8.6570439,49.8726497,2,1,105,105.1,darmstadt
8.6571503,49.8724319,3,1,105,105.1,darmstadt
8.6572227,49.872165,4,1,105,105.1,darmstadt
8.657168,49.8719221,5,1,105,105.1,darmstadt
8.6570604,49.8717009,6,1,105,105.1,darmstadt
8.6569192,49.8714822,7,1,105,105.1,darmstadt
8.6568671,49.8713234,8,1,105,105.1,darmstadt
8.6568326,49.8710813,9,1,105,105.1,darmstadt
8.6568225,49.8709418,10,1,105,105.1,darmstadt
8.656803,49.87078,11,1,105,105.1,darmstadt
8.6567617,49.8706155,12,1,105,105.1,darmstadt
8.6568005,49.8704422,13,1,105,105.1,darmstadt
8.656881,49.8701775,14,1,105,105.1,darmstadt
8.6568608,49.8701104,15,1,105,105.1,darmstadt
8.656924,49.873042,1,1,106,106.1,darmstadt
8.656909,49.872977,2,1,106,106.1,darmstadt
8.656961,49.872864,3,1,106,106.1,darmstadt
8.657052,49.872742,4,1,106,106.1,darmstadt
8.6570872,49.8726718,5,1,106,106.1,darmstadt
8.6572014,49.8724165,6,1,106,106.1,darmstadt
8.6572571,49.8721591,7,1,106,106.1,darmstadt
8.657227,49.871942,8,1,106,106.1,darmstadt
8.65691,49.871313,9,1,106,106.1,darmstadt
8.656905,49.871064,10,1,106,106.1,darmstadt
8.6568432,49.8707636,11,1,106,106.1,darmstadt
8.6568078,49.8706598,12,1,106,106.1,darmstadt
8.6568232,49.8705457,13,1,106,106.1,darmstadt
8.656932,49.870155,14,1,106,106.1,darmstadt
8.6569222,49.8701099,15,1,106,106.1,darmstadt
8.6670568,49.873399,1,1,107,107.1,darmstadt
8.666618,49.873336,2,1,107,107.1,darmstadt
8.665165,49.873066,3,1,107,107.1,darmstadt
8.663691,49.872824,4,1,107,107.1,darmstadt
8.662848,49.872779,5,1,107,107.1,darmstadt
8.662521,49.873138,1,1,108,108.1,darmstadt
8.662568,49.873357,2,1,108,108.1,darmstadt
8.6627695,49.8742246,3,1,108,108.1,darmstadt
8.6628167,49.8745927,4,1,108,108.1,darmstadt
8.6626921,49.8749678,5,1,108,108.1,darmstadt
8.6624925,49.8753774,6,1,108,108.1,darmstadt
8.66225,49.8757109,7,1,108,108.1,darmstadt
8.6617434,49.8761844,8,1,108,108.1,darmstadt
8.662953,49.872959,1,1,109,109.1,darmstadt
8.663388,49.872957,2,1,109,109.1,darmstadt
8.663755,49.872955,3,1,109,109.1,darmstadt
8.667172,49.873481,4,1,109,109.1,darmstadt
8.662645,49.872634,1,1,110,110.1,darmstadt
8.662611,49.872342,2,1,110,110.1,darmstadt
8.662575,49.872001,3,1,110,110.1,darmstadt
8.6624331,49.8708949,4,1,110,110.1,darmstadt
8.662248,49.872779,1,1,111,111.1,darmstadt
8.6613465,49.8728744,2,1,111,111.1,darmstadt
8.660507,49.873002,3,1,111,111.1,darmstadt
8.659085,49.873107,4,1,111,111.1,darmstadt
8.658109,49.87317,5,1,111,111.1,darmstadt
8.657463,49.873138,6,1,111,111.1,darmstadt
8.657235,49.873112,7,1,111,111.1,darmstadt
8.656945,49.873045,8,1,111,111.1,darmstadt
8.662248,49.872803,1,1,112,112.1,darmstadt
8.6616896,49.8728614,2,1,112,112.1,darmstadt
8.661223,49.872921,3,1,112,112.1,darmstadt
8.660228,49.873045,4,1,112,112.1,darmstadt
8.658082,49.873182,5,1,112,112.1,darmstadt
8.657304,49.87313,6,1,112,112.1,darmstadt
8.65694,49.873061,7,1,112,112.1,darmstadt
8.6698798,49.8792719,1,1,113,113.1,darmstadt
8.6695382,49.879664,2,1,113,113.1,darmstadt
8.668717,49.880305,3,1,113,113.1,darmstadt
8.668122,49.880676,4,1,113,113.1,darmstadt
8.667258,49.881088,5,1,113,113.1,darmstadt
8.665759,49.88165,6,1,113,113.1,darmstadt
8.67019,49.879232,1,1,114,114.1,darmstadt
8.670494,49.87933,2,1,114,114.1,darmstadt
8.673964,49.880367,3,1,114,114.1,darmstadt
8.676581,49.881363,4,1,114,114.1,darmstadt
8.680358,49.882248,5,1,114,114.1,darmstadt
8.682418,49.882745,6,1,114,114.1,darmstadt
8.686194,49.884543,7,1,114,114.1,darmstadt
8.689714,49.886616,8,1,114,114.1,darmstadt
8.692975,49.888939,9,1,114,114.1,darmstadt
8.698511,49.891676,10,1,114,114.1,darmstadt
8.700099,49.89234,11,1,114,114.1,darmstadt
8.703704,49.893059,12,1,114,114.1,darmstadt
8.706794,49.893694,13,1,114,114.1,darmstadt
8.710055,49.894773,14,1,114,114.1,darmstadt
8.745976,49.906576,15,1,114,114.1,darmstadt
8.747821,49.907239,16,1,114,114.1,darmstadt
8.751168,49.908013,17,1,114,114.1,darmstadt
8.670117,49.879043,1,1,115,115.1,darmstadt
8.670561,49.878386,2,1,115,115.1,darmstadt
8.670815,49.878023,3,1,115,115.1,darmstadt
8.670769,49.8774602,4,1,115,115.1,darmstadt
8.670723,49.8768904,5,1,115,115.1,darmstadt
8.670843,49.8759376,6,1,115,115.1,darmstadt
8.670887,49.8757694,7,1,115,115.1,darmstadt
8.6708721,49.8756254,8,1,115,115.1,darmstadt
8.670774,49.8755558,9,1,115,115.1,darmstadt
8.6706705,49.8754688,10,1,115,115.1,darmstadt
8.6707153,49.8747441,11,1,115,115.1,darmstadt
8.669817,49.87909,1,1,116,116.1,darmstadt
8.66902,49.878832,2,1,116,116.1,darmstadt
8.666671,49.878595,3,1,116,116.1,darmstadt
8.666341,49.878521,4,1,116,116.1,darmstadt
8.665332,49.877961,5,1,116,116.1,darmstadt
8.664611,49.87769,6,1,116,116.1,darmstadt
8.663868,49.877441,7,1,116,116.1,darmstadt
8.6628,49.876851,8,1,116,116.1,darmstadt
8.661902,49.876367,9,1,116,116.1,darmstadt
8.634806,49.859121,1,1,117,117.1,darmstadt
8.634535,49.859592,2,1,117,117.1,darmstadt
8.633661,49.861182,3,1,117,117.1,darmstadt
8.633698,49.861185,1,1,118,118.1,darmstadt
8.634575,49.859606,2,1,118,118.1,darmstadt
8.634841,49.859138,3,1,118,118.1,darmstadt
8.635214,49.859128,1,1,119,119.1,darmstadt
8.635699,49.859427,2,1,119,119.1,darmstadt
8.639232,49.861597,3,1,119,119.1,darmstadt
8.640503,49.862389,4,1,119,119.1,darmstadt
8.6351706,49.8587952,1,1,120,120.1,darmstadt
8.6353099,49.8585127,2,1,120,120.1,darmstadt
8.636115,49.857115,3,1,120,120.1,darmstadt
8.636607,49.8562678,4,1,120,120.1,darmstadt
8.6369059,49.8558286,5,1,120,120.1,darmstadt
8.6351319,49.8587863,1,1,121,121.1,darmstadt
8.6352662,49.8585123,2,1,121,121.1,darmstadt
8.636347,49.8566174,3,1,121,121.1,darmstadt
8.6366218,49.8561627,4,1,121,121.1,darmstadt
8.6368698,49.8558049,5,1,121,121.1,darmstadt
8.634814,49.858818,1,1,122,122.1,darmstadt
8.63427,49.858482,2,1,122,122.1,darmstadt
8.633679,49.858118,3,1,122,122.1,darmstadt
8.624842,49.852702,4,1,122,122.1,darmstadt
8.63476,49.858823,1,1,123,123.1,darmstadt
8.624852,49.852754,2,1,123,123.1,darmstadt
8.637004,49.864519,1,1,124,124.1,darmstadt
8.636736,49.864734,2,1,124,124.1,darmstadt
8.635597,49.865819,3,1,124,124.1,darmstadt
8.634154,49.867786,4,1,124,124.1,darmstadt
8.637636,49.864197,1,1,125,125.1,darmstadt
8.637917,49.86404,2,1,125,125.1,darmstadt
8.640562,49.862525,3,1,125,125.1,darmstadt
8.633262,49.869555,1,1,126,126.1,darmstadt
8.633535,49.868856,2,1,126,126.1,darmstadt
8.633673,49.868477,3,1,126,126.1,darmstadt
8.63376,49.868263,4,1,126,126.1,darmstadt
8.633789,49.868186,5,1,126,126.1,darmstadt
8.633783,49.868132,6,1,126,126.1,darmstadt
8.633881,49.868217,1,1,127,127.1,darmstadt
8.633767,49.868452,2,1,127,127.1,darmstadt
8.633411,49.869415,3,1,127,127.1,darmstadt
8.633319,49.869551,4,1,127,127.1,darmstadt
8.634229,49.8679,1,1,128,128.1,darmstadt
8.634362,49.867644,2,1,128,128.1,darmstadt
8.634764,49.866986,3,1,128,128.1,darmstadt
8.634956,49.866716,4,1,128,128.1,darmstadt
8.635074,49.86662,5,1,128,128.1,darmstadt
8.635179,49.866464,6,1,128,128.1,darmstadt
8.635235,49.866367,7,1,128,128.1,darmstadt
8.6354588,49.8660932,8,1,128,128.1,darmstadt
8.635646,49.865878,9,1,128,128.1,darmstadt
8.636248,49.86524,10,1,128,128.1,darmstadt
8.636372,49.865175,11,1,128,128.1,darmstadt
8.636616,49.86493,12,1,128,128.1,darmstadt
8.636905,49.864686,13,1,128,128.1,darmstadt
8.637272,49.864429,14,1,128,128.1,darmstadt
8.633835,49.867893,1,1,129,129.1,darmstadt
8.633631,49.86778,2,1,129,129.1,darmstadt
8.633215,49.867579,3,1,129,129.1,darmstadt
8.631995,49.866955,4,1,129,129.1,darmstadt
8.631821,49.866892,5,1,129,129.1,darmstadt
8.631595,49.866708,6,1,129,129.1,darmstadt
8.631558,49.866633,7,1,129,129.1,darmstadt
8.633808,49.867921,1,1,130,130.1,darmstadt
8.633596,49.867806,2,1,130,130.1,darmstadt
8.631821,49.866892,3,1,130,130.1,darmstadt
8.631595,49.866708,4,1,130,130.1,darmstadt
8.631558,49.866633,5,1,130,130.1,darmstadt
8.645677,49.868621,1,1,131,131.1,darmstadt
8.645582,49.868875,2,1,131,131.1,darmstadt
8.645434,49.86936,3,1,131,131.1,darmstadt
8.645478,49.869357,1,1,132,132.1,darmstadt
8.645629,49.868888,2,1,132,132.1,darmstadt
8.645721,49.868625,3,1,132,132.1,darmstadt
8.646173,49.868517,1,1,133,133.1,darmstadt
8.646527,49.868566,2,1,133,133.1,darmstadt
8.648224,49.868807,3,1,133,133.1,darmstadt
8.64979,49.869027,4,1,133,133.1,darmstadt
8.650296,49.86905,5,1,133,133.1,darmstadt
8.651776,49.869257,6,1,133,133.1,darmstadt
8.6461401,49.8682651,1,1,134,134.1,darmstadt
8.6461773,49.8681299,2,1,134,134.1,darmstadt
8.646185,49.867986,3,1,134,134.1,darmstadt
8.646195,49.867942,4,1,134,134.1,darmstadt
8.646546,49.8667932,5,1,134,134.1,darmstadt
8.646956,49.865603,6,1,134,134.1,darmstadt
8.6460922,49.8682609,1,1,135,135.1,darmstadt
8.6461376,49.8680992,2,1,135,135.1,darmstadt
8.646148,49.867986,3,1,135,135.1,darmstadt
8.6461931,49.8677938,4,1,135,135.1,darmstadt
8.6464503,49.8669237,5,1,135,135.1,darmstadt
8.646922,49.865592,6,1,135,135.1,darmstadt
8.645567,49.868348,1,1,136,136.1,darmstadt
8.645228,49.868301,2,1,136,136.1,darmstadt
8.644792,49.868255,3,1,136,136.1,darmstadt
8.644151,49.868175,4,1,136,136.1,darmstadt
8.643832,49.868097,5,1,136,136.1,darmstadt
8.64314,49.867874,6,1,136,136.1,darmstadt
8.642973,49.867817,7,1,136,136.1,darmstadt
8.662198,49.869451,1,1,137,137.1,darmstadt
8.662226,49.869684,2,1,137,137.1,darmstadt
8.662347,49.870746,3,1,137,137.1,darmstadt
8.662571,49.869086,1,1,138,138.1,darmstadt
8.662808,49.868856,2,1,138,138.1,darmstadt
8.662948,49.868677,3,1,138,138.1,darmstadt
8.664018,49.867636,4,1,138,138.1,darmstadt
8.662527,49.869081,1,1,139,139.1,darmstadt
8.662773,49.868853,2,1,139,139.1,darmstadt
8.662926,49.868649,3,1,139,139.1,darmstadt
8.663962,49.867634,4,1,139,139.1,darmstadt
8.661912,49.869227,1,1,140,140.1,darmstadt
8.659233,49.8692748,2,1,140,140.1,darmstadt
8.664823,49.86622,1,1,141,141.1,darmstadt
8.664643,49.866452,2,1,141,141.1,darmstadt
8.6642966,49.8670325,3,1,141,141.1,darmstadt
8.6640528,49.8672952,4,1,141,141.1,darmstadt
8.6638948,49.867461,5,1,141,141.1,darmstadt
8.6651314,49.8660279,1,1,142,142.1,darmstadt
8.6653244,49.8657579,2,1,142,142.1,darmstadt
8.6672444,49.8629699,3,1,142,142.1,darmstadt
8.6675714,49.8619889,4,1,142,142.1,darmstadt
8.6677654,49.8611679,5,1,142,142.1,darmstadt
8.636729,49.855863,1,1,143,143.1,darmstadt
8.636588,49.856063,2,1,143,143.1,darmstadt
8.634991,49.858809,3,1,143,143.1,darmstadt
8.636761,49.85587,1,1,144,144.1,darmstadt
8.636634,49.856075,2,1,144,144.1,darmstadt
8.6350255,49.8588198,3,1,144,144.1,darmstadt
8.637726,49.855245,1,1,145,145.1,darmstadt
8.638096,49.855104,2,1,145,145.1,darmstadt
8.639929,49.854429,3,1,145,145.1,darmstadt
8.641069,49.854075,4,1,145,145.1,darmstadt
8.642166,49.853822,5,1,145,145.1,darmstadt
8.642855,49.853686,6,1,145,145.1,darmstadt
8.637703,49.855218,1,1,146,146.1,darmstadt
8.638074,49.855082,2,1,146,146.1,darmstadt
8.639897,49.854421,3,1,146,146.1,darmstadt
8.640406,49.854255,4,1,146,146.1,darmstadt
8.641123,49.854038,5,1,146,146.1,darmstadt
8.642104,49.853812,6,1,146,146.1,darmstadt
8.642839,49.853667,7,1,146,146.1,darmstadt
8.648008,49.875739,1,1,147,147.1,darmstadt
8.648395,49.875795,2,1,147,147.1,darmstadt
8.649589,49.87596,3,1,147,147.1,darmstadt
8.647534,49.875625,1,1,148,148.1,darmstadt
8.647007,49.875547,2,1,148,148.1,darmstadt
8.64476,49.875232,3,1,148,148.1,darmstadt
8.644483,49.875191,4,1,148,148.1,darmstadt
8.644276,49.875136,5,1,148,148.1,darmstadt
8.643526,49.87502,6,1,148,148.1,darmstadt
8.6686631,49.8574022,1,1,149,149.1,darmstadt
8.667841,49.860819,2,1,149,149.1,darmstadt
8.667794,49.86101,3,1,149,149.1,darmstadt
8.670632,49.85256,1,1,150,150.1,darmstadt
8.669186,49.855111,2,1,150,150.1,darmstadt
8.670949,49.852428,1,1,151,151.1,darmstadt
8.67137,49.852476,2,1,151,151.1,darmstadt
8.672032,49.852525,3,1,151,151.1,darmstadt
8.67229,49.852684,4,1,151,151.1,darmstadt
8.672515,49.852961,5,1,151,151.1,darmstadt
8.672837,49.85321,6,1,151,151.1,darmstadt
8.67361,49.853597,7,1,151,151.1,darmstadt
8.674779,49.854289,8,1,151,151.1,darmstadt
8.675187,49.854621,9,1,151,151.1,darmstadt
8.675594,49.855299,10,1,151,151.1,darmstadt
8.676024,49.856219,11,1,151,151.1,darmstadt
8.676195,49.856454,12,1,151,151.1,darmstadt
8.678116,49.857706,13,1,151,151.1,darmstadt
8.679779,49.858806,14,1,151,151.1,darmstadt
8.68024,49.859055,15,1,151,151.1,darmstadt
8.681903,49.859774,16,1,151,151.1,darmstadt
8.688984,49.839062,1,1,152,152.1,darmstadt
8.688512,49.839837,2,1,152,152.1,darmstadt
8.681688,49.841857,3,1,152,152.1,darmstadt
8.680658,49.842272,4,1,152,152.1,darmstadt
8.678255,49.842743,5,1,152,152.1,darmstadt
8.677225,49.843213,6,1,152,152.1,darmstadt
8.676554,49.843833,7,1,152,152.1,darmstadt
8.676066,49.844569,8,1,152,152.1,darmstadt
8.67568,49.845593,9,1,152,152.1,darmstadt
8.674822,49.84825,10,1,152,152.1,darmstadt
8.674221,49.849717,11,1,152,152.1,darmstadt
8.67443,49.851052,12,1,152,152.1,darmstadt
8.674339,49.851306,13,1,152,152.1,darmstadt
8.674098,49.85147,14,1,152,152.1,darmstadt
8.671625,49.851882,15,1,152,152.1,darmstadt
8.67122,49.852051,16,1,152,152.1,darmstadt
8.670922,49.852276,17,1,152,152.1,darmstadt
8.665861,49.881674,1,1,153,153.1,darmstadt
8.666121,49.881588,2,1,153,153.1,darmstadt
8.667294,49.881169,3,1,153,153.1,darmstadt
8.668076,49.880813,4,1,153,153.1,darmstadt
8.668607,49.880449,5,1,153,153.1,darmstadt
8.669026,49.880192,6,1,153,153.1,darmstadt
8.66957,49.879746,7,1,153,153.1,darmstadt
8.670036,49.879251,8,1,153,153.1,darmstadt
8.665437,49.88174,1,1,154,154.1,darmstadt
8.664778,49.881895,2,1,154,154.1,darmstadt
8.664235,49.882045,3,1,154,154.1,darmstadt
8.66037,49.882842,4,1,154,154.1,darmstadt
8.6594679,49.8670294,1,1,155,155.1,darmstadt
8.6597749,49.8670684,2,1,155,155.1,darmstadt
8.6619019,49.8673554,3,1,155,155.1,darmstadt
8.6637189,49.8676134,4,1,155,155.1,darmstadt
8.637555,49.879031,1,1,156,156.1,darmstadt
8.637244,49.879075,2,1,156,156.1,darmstadt
8.635708,49.879293,3,1,156,156.1,darmstadt
8.659274,49.869359,1,1,157,157.1,darmstadt
8.659518,49.869347,2,1,157,157.1,darmstadt
8.660266,49.869332,3,1,157,157.1,darmstadt
8.66164,49.869311,4,1,157,157.1,darmstadt
8.661849,49.869305,5,1,157,157.1,darmstadt
8.66211,49.869277,6,1,157,157.1,darmstadt
8.6529191,49.8894931,1,1,158,158.1,darmstadt
8.6522984,49.8869888,2,1,158,158.1,darmstadt
8.6519344,49.8853323,3,1,158,158.1,darmstadt
8.651857,49.884898,4,1,158,158.1,darmstadt
8.651726,49.884488,5,1,158,158.1,darmstadt
8.6516017,49.8841503,6,1,158,158.1,darmstadt
8.656862,49.869888,1,1,159,159.1,darmstadt
8.656789,49.86974,2,1,159,159.1,darmstadt
8.656725,49.869576,3,1,159,159.1,darmstadt
8.656814,49.869894,1,1,160,160.1,darmstadt
8.65675,49.869751,2,1,160,160.1,darmstadt
8.656678,49.869582,3,1,160,160.1,darmstadt
8.652187,49.853445,1,1,161,161.1,darmstadt
8.652667,49.853457,2,1,161,161.1,darmstadt
8.654381,49.853464,3,1,161,161.1,darmstadt
8.655022,49.853482,4,1,161,161.1,darmstadt
8.655762,49.853471,5,1,161,161.1,darmstadt
8.656095,49.853516,6,1,161,161.1,darmstadt
8.656682,49.853713,7,1,161,161.1,darmstadt
8.65164,49.853386,1,1,162,162.1,darmstadt
8.65124,49.853374,2,1,162,162.1,darmstadt
8.64882,49.853362,3,1,162,162.1,darmstadt
8.648316,49.853343,4,1,162,162.1,darmstadt
8.646897,49.853333,5,1,162,162.1,darmstadt
8.678692,49.867646,1,1,163,163.1,darmstadt
8.678357,49.868023,2,1,163,163.1,darmstadt
8.67825,49.868122,3,1,163,163.1,darmstadt
8.678097,49.86822,4,1,163,163.1,darmstadt
8.677906,49.868244,5,1,163,163.1,darmstadt
8.677627,49.868284,6,1,163,163.1,darmstadt
8.677086,49.868314,7,1,163,163.1,darmstadt
8.6762,49.868419,8,1,163,163.1,darmstadt
8.671888,49.868988,9,1,163,163.1,darmstadt
8.67101,49.869088,10,1,163,163.1,darmstadt
8.669806,49.869187,11,1,163,163.1,darmstadt
8.679274,49.867546,1,1,164,164.1,darmstadt
8.679607,49.867582,2,1,164,164.1,darmstadt
8.680347,49.86766,3,1,164,164.1,darmstadt
8.681077,49.867797,4,1,164,164.1,darmstadt
8.682273,49.868177,5,1,164,164.1,darmstadt
8.68356,49.868741,6,1,164,164.1,darmstadt
8.683872,49.868865,7,1,164,164.1,darmstadt
8.684049,49.868858,8,1,164,164.1,darmstadt
8.684258,49.868775,9,1,164,164.1,darmstadt
8.684408,49.868661,10,1,164,164.1,darmstadt
8.68459,49.868519,11,1,164,164.1,darmstadt
8.684757,49.868416,12,1,164,164.1,darmstadt
8.684907,49.868353,13,1,164,164.1,darmstadt
8.685105,49.86834,14,1,164,164.1,darmstadt
8.685277,49.868357,15,1,164,164.1,darmstadt
8.685481,49.868419,16,1,164,164.1,darmstadt
8.685771,49.868658,17,1,164,164.1,darmstadt
8.679167,49.86734,1,1,165,165.1,darmstadt
8.679317,49.867181,2,1,165,165.1,darmstadt
8.679854,49.86658,3,1,165,165.1,darmstadt
8.680315,49.866261,4,1,165,165.1,darmstadt
8.680583,49.865971,5,1,165,165.1,darmstadt
8.680669,49.865722,6,1,165,165.1,darmstadt
8.680669,49.862036,7,1,165,165.1,darmstadt
8.678612,49.867383,1,1,166,166.1,darmstadt
8.678295,49.867368,2,1,166,166.1,darmstadt
8.677539,49.867311,3,1,166,166.1,darmstadt
8.676858,49.86732,4,1,166,166.1,darmstadt
8.676099,49.867354,5,1,166,166.1,darmstadt
8.673964,49.867755,6,1,166,166.1,darmstadt
8.672547,49.867963,7,1,166,166.1,darmstadt
8.671582,49.868101,8,1,166,166.1,darmstadt
8.623028,49.886378,1,1,167,167.1,darmstadt
8.624402,49.885586,2,1,167,167.1,darmstadt
8.637148,49.883388,3,1,167,167.1,darmstadt
8.638279,49.883168,4,1,167,167.1,darmstadt
8.640015,49.882917,1,1,168,168.1,darmstadt
8.640393,49.882859,2,1,168,168.1,darmstadt
8.6430202,49.8824092,3,1,168,168.1,darmstadt
8.639996,49.882894,1,1,169,169.1,darmstadt
8.640372,49.882834,2,1,169,169.1,darmstadt
8.642984,49.882379,3,1,169,169.1,darmstadt
8.638867,49.883118,1,1,170,170.1,darmstadt
8.639736,49.882958,2,1,170,170.1,darmstadt
8.638789,49.883101,1,1,171,171.1,darmstadt
8.639733,49.88294,2,1,171,171.1,darmstadt
8.63884,49.88306,1,1,172,172.1,darmstadt
8.639433,49.882966,2,1,172,172.1,darmstadt
8.63954,49.88297,3,1,172,172.1,darmstadt
8.639733,49.88294,4,1,172,172.1,darmstadt
8.639513,49.882902,1,1,173,173.1,darmstadt
8.639194,49.88295,2,1,173,173.1,darmstadt
8.638774,49.883019,3,1,173,173.1,darmstadt
8.638608,49.883061,4,1,173,173.1,darmstadt
8.63952,49.88293,1,1,174,174.1,darmstadt
8.639208,49.882977,2,1,174,174.1,darmstadt
8.638785,49.883043,3,1,174,174.1,darmstadt
8.638627,49.88308,4,1,174,174.1,darmstadt
8.643221,49.882498,1,1,175,175.1,darmstadt
8.64315,49.8827,2,1,175,175.1,darmstadt
8.642786,49.883609,3,1,175,175.1,darmstadt
8.6435662,49.8823297,1,1,176,176.1,darmstadt
8.644145,49.882268,2,1,176,176.1,darmstadt
8.64439,49.88224,3,1,176,176.1,darmstadt
8.645492,49.882054,4,1,176,176.1,darmstadt
8.645873,49.881997,5,1,176,176.1,darmstadt
8.643571,49.882301,1,1,177,177.1,darmstadt
8.643987,49.882266,2,1,177,177.1,darmstadt
8.644338,49.88222,3,1,177,177.1,darmstadt
8.645036,49.882113,4,1,177,177.1,darmstadt
8.645832,49.881973,5,1,177,177.1,darmstadt
8.642922,49.882299,1,1,178,178.1,darmstadt
8.642566,49.882359,2,1,178,178.1,darmstadt
8.642356,49.882419,3,1,178,178.1,darmstadt
8.641908,49.882507,4,1,178,178.1,darmstadt
8.639854,49.882864,5,1,178,178.1,darmstadt
8.642928,49.882334,1,1,179,179.1,darmstadt
8.642579,49.882391,2,1,179,179.1,darmstadt
8.642276,49.882474,3,1,179,179.1,darmstadt
8.639886,49.882885,4,1,179,179.1,darmstadt
8.642308,49.869156,1,1,180,180.1,darmstadt
8.642244,49.869356,2,1,180,180.1,darmstadt
8.6415627,49.8713359,3,1,180,180.1,darmstadt
8.642356,49.869162,1,1,181,181.1,darmstadt
8.642293,49.869365,2,1,181,181.1,darmstadt
8.6416002,49.8713505,3,1,181,181.1,darmstadt
8.6462,49.868428,1,1,182,182.1,darmstadt
8.646905,49.868523,2,1,182,182.1,darmstadt
8.647852,49.868696,3,1,182,182.1,darmstadt
8.649102,49.868872,4,1,182,182.1,darmstadt
8.649467,49.868915,5,1,182,182.1,darmstadt
8.649926,49.868977,6,1,182,182.1,darmstadt
8.650234,49.869005,7,1,182,182.1,darmstadt
8.651787,49.869221,8,1,182,182.1,darmstadt
8.641406,49.872785,1,1,183,183.1,darmstadt
8.6437966,49.8731139,2,1,183,183.1,darmstadt
8.641405,49.872758,1,1,184,184.1,darmstadt
8.6438093,49.8730915,2,1,184,184.1,darmstadt
8.6413321,49.8726002,1,1,185,185.1,darmstadt
8.6413991,49.8724262,2,1,185,185.1,darmstadt
8.6416321,49.8717182,3,1,185,185.1,darmstadt
8.6412941,49.8725686,1,1,186,186.1,darmstadt
8.6415841,49.8717126,2,1,186,186.1,darmstadt
8.641093,49.87343,1,1,187,187.1,darmstadt
8.641192,49.873616,2,1,187,187.1,darmstadt
8.641367,49.873896,3,1,187,187.1,darmstadt
8.6413921,49.8740108,4,1,187,187.1,darmstadt
8.641385,49.874151,5,1,187,187.1,darmstadt
8.641184,49.874646,6,1,187,187.1,darmstadt
8.641128,49.87342,1,1,188,188.1,darmstadt
8.641249,49.873617,2,1,188,188.1,darmstadt
8.641404,49.87388,3,1,188,188.1,darmstadt
8.6414376,49.8740224,4,1,188,188.1,darmstadt
8.641423,49.874144,5,1,188,188.1,darmstadt
8.641222,49.874646,6,1,188,188.1,darmstadt
8.635629,49.879489,1,1,189,189.1,darmstadt
8.635785,49.879776,2,1,189,189.1,darmstadt
8.637137,49.882006,3,1,189,189.1,darmstadt
8.637394,49.882258,4,1,189,189.1,darmstadt
8.638478,49.883049,5,1,189,189.1,darmstadt
8.673212,49.874656,1,1,190,190.1,darmstadt
8.673414,49.874564,2,1,190,190.1,darmstadt
8.67362,49.874342,3,1,190,190.1,darmstadt
8.675895,49.872056,4,1,190,190.1,darmstadt
8.676431,49.871676,5,1,190,190.1,darmstadt
8.677676,49.871033,6,1,190,190.1,darmstadt
8.678287,49.870839,7,1,190,190.1,darmstadt
8.679489,49.870625,8,1,190,190.1,darmstadt
8.681431,49.870528,9,1,190,190.1,darmstadt
8.682042,49.870487,10,1,190,190.1,darmstadt
8.683104,49.870258,11,1,190,190.1,darmstadt
8.685057,49.869491,12,1,190,190.1,darmstadt
8.686388,49.868675,13,1,190,190.1,darmstadt
8.636331,49.884956,1,1,191,191.1,darmstadt
8.636155,49.885083,2,1,191,191.1,darmstadt
8.633065,49.887412,3,1,191,191.1,darmstadt
8.6326526,49.8877316,4,1,191,191.1,darmstadt
8.6326209,49.8878198,5,1,191,191.1,darmstadt
8.6326402,49.8879012,6,1,191,191.1,darmstadt
8.632676,49.888069,7,1,191,191.1,darmstadt
8.636909,49.884647,1,1,192,192.1,darmstadt
8.637114,49.884482,2,1,192,192.1,darmstadt
8.638059,49.8837654,3,1,192,192.1,darmstadt
8.6388593,49.883171,4,1,192,192.1,darmstadt
8.6328476,49.8880935,1,1,193,193.1,darmstadt
8.6327877,49.8879434,2,1,193,193.1,darmstadt
8.632776,49.887802,3,1,193,193.1,darmstadt
8.632829,49.887691,4,1,193,193.1,darmstadt
8.632931,49.887602,5,1,193,193.1,darmstadt
8.636514,49.884871,6,1,193,193.1,darmstadt
8.6319445,49.8881722,1,1,194,194.1,darmstadt
8.6314665,49.8865762,2,1,194,194.1,darmstadt
8.6307535,49.8845162,3,1,194,194.1,darmstadt
8.631708,49.888486,1,1,195,195.1,darmstadt
8.631418,49.888642,2,1,195,195.1,darmstadt
8.6310669,49.8888895,3,1,195,195.1,darmstadt
8.6309197,49.8890178,4,1,195,195.1,darmstadt
8.628275,49.890909,5,1,195,195.1,darmstadt
8.6310673,49.8890526,1,1,196,196.1,darmstadt
8.6315461,49.8887951,2,1,196,196.1,darmstadt
8.632159,49.888593,3,1,196,196.1,darmstadt
8.632356,49.888526,4,1,196,196.1,darmstadt
8.632486,49.888502,5,1,196,196.1,darmstadt
8.632754,49.88849,6,1,196,196.1,darmstadt
8.670654,49.874838,1,1,197,197.1,darmstadt
8.67064,49.875479,2,1,197,197.1,darmstadt
8.670892,49.874682,1,1,198,198.1,darmstadt
8.671351,49.8747034,2,1,198,198.1,darmstadt
8.6726076,49.8747256,3,1,198,198.1,darmstadt
8.670876,49.874646,1,1,199,199.1,darmstadt
8.671356,49.874665,2,1,199,199.1,darmstadt
8.672612,49.874694,3,1,199,199.1,darmstadt
8.670461,49.874573,1,1,200,200.1,darmstadt
8.670045,49.874461,2,1,200,200.1,darmstadt
8.669637,49.874312,3,1,200,200.1,darmstadt
8.669259,49.874122,4,1,200,200.1,darmstadt
8.669052,49.874006,5,1,200,200.1,darmstadt
8.668674,49.873761,6,1,200,200.1,darmstadt
8.668293,49.873647,7,1,200,200.1,darmstadt
8.667486,49.873456,8,1,200,200.1,darmstadt
8.6455498,49.888506,1,1,201,201.1,darmstadt
8.6465906,49.888641,2,1,201,201.1,darmstadt
8.6470904,49.8886828,3,1,201,201.1,darmstadt
8.6475192,49.8887444,4,1,201,201.1,darmstadt
8.6484223,49.8888987,5,1,201,201.1,darmstadt
8.6511112,49.8893753,6,1,201,201.1,darmstadt
8.6518602,49.8895375,7,1,201,201.1,darmstadt
8.6524805,49.8896445,8,1,201,201.1,darmstadt
8.6429184,49.8836234,1,1,202,202.1,darmstadt
8.6442004,49.8838204,2,1,202,202.1,darmstadt
8.6446834,49.8839624,3,1,202,202.1,darmstadt
8.6449244,49.8841524,4,1,202,202.1,darmstadt
8.6453004,49.8882234,5,1,202,202.1,darmstadt
8.627073,49.862548,1,1,203,203.1,darmstadt
8.627022,49.862734,2,1,203,203.1,darmstadt
8.626027,49.865649,3,1,203,203.1,darmstadt
8.626024,49.865859,4,1,203,203.1,darmstadt
8.626022,49.865952,5,1,203,203.1,darmstadt
8.625711,49.866863,6,1,203,203.1,darmstadt
8.625362,49.867918,7,1,203,203.1,darmstadt
8.625271,49.868149,8,1,203,203.1,darmstadt
8.624884,49.869024,9,1,203,203.1,darmstadt
8.626993,49.862288,1,1,204,204.1,darmstadt
8.626022,49.862133,2,1,204,204.1,darmstadt
8.6244153,49.8619338,3,1,204,204.1,darmstadt
8.6227603,49.8617968,4,1,204,204.1,darmstadt
8.6209629,49.8616575,5,1,204,204.1,darmstadt
8.6203709,49.8616247,6,1,204,204.1,darmstadt
8.617605,49.875859,1,1,205,205.1,darmstadt
8.627427,49.875296,2,1,205,205.1,darmstadt
8.6324184,49.8750273,1,1,206,206.1,darmstadt
8.6325941,49.8750472,2,1,206,206.1,darmstadt
8.632802,49.875043,3,1,206,206.1,darmstadt
8.633103,49.875028,4,1,206,206.1,darmstadt
8.634599,49.874948,5,1,206,206.1,darmstadt
8.6323811,49.874886,1,1,207,207.1,darmstadt
8.6323528,49.8748455,2,1,207,207.1,darmstadt
8.6323204,49.8747765,3,1,207,207.1,darmstadt
8.6322877,49.8745746,4,1,207,207.1,darmstadt
8.6322938,49.8744272,5,1,207,207.1,darmstadt
8.63232,49.874246,6,1,207,207.1,darmstadt
8.6323543,49.8748972,1,1,208,208.1,darmstadt
8.6322928,49.8748192,2,1,208,208.1,darmstadt
8.6322772,49.8747186,3,1,208,208.1,darmstadt
8.6322435,49.8745478,4,1,208,208.1,darmstadt
8.6322353,49.874446,5,1,208,208.1,darmstadt
8.6322057,49.8750076,1,1,209,209.1,darmstadt
8.632103,49.8750376,2,1,209,209.1,darmstadt
8.6320057,49.8750452,3,1,209,209.1,darmstadt
8.6317681,49.8750585,4,1,209,209.1,darmstadt
8.6312374,49.8750947,5,1,209,209.1,darmstadt
8.6279307,49.8752846,6,1,209,209.1,darmstadt
8.632195,49.874502,1,1,210,210.1,darmstadt
8.632242,49.874844,2,1,210,210.1,darmstadt
8.632361,49.87496,3,1,210,210.1,darmstadt
8.631595,49.874055,1,1,211,211.1,darmstadt
8.632053,49.874079,2,1,211,211.1,darmstadt
8.63154,49.874027,1,1,212,212.1,darmstadt
8.632051,49.874053,2,1,212,212.1,darmstadt
8.632346,49.873915,1,1,213,213.1,darmstadt
8.632456,49.873061,2,1,213,213.1,darmstadt
8.632478,49.872955,3,1,213,213.1,darmstadt
8.63259,49.872831,4,1,213,213.1,darmstadt
8.632674,49.872755,5,1,213,213.1,darmstadt
8.632776,49.872516,1,1,214,214.1,darmstadt
8.632818,49.872264,2,1,214,214.1,darmstadt
8.633008,49.871166,3,1,214,214.1,darmstadt
8.633132,49.870475,4,1,214,214.1,darmstadt
8.6295954,49.8675335,1,1,215,215.1,darmstadt
8.629517,49.86779,2,1,215,215.1,darmstadt
8.6292675,49.8685461,3,1,215,215.1,darmstadt
8.6290187,49.8692993,4,1,215,215.1,darmstadt
8.6289094,49.8695339,5,1,215,215.1,darmstadt
8.629769,49.86729,1,1,216,216.1,darmstadt
8.629907,49.866983,2,1,216,216.1,darmstadt
8.630135,49.8666,3,1,216,216.1,darmstadt
8.629733,49.867281,1,1,217,217.1,darmstadt
8.629898,49.866918,2,1,217,217.1,darmstadt
8.6301135,49.8665585,3,1,217,217.1,darmstadt
8.629645,49.867338,1,1,218,218.1,darmstadt
8.629804,49.866956,2,1,218,218.1,darmstadt
8.630052,49.866522,3,1,218,218.1,darmstadt
8.638888,49.888232,1,1,219,219.1,darmstadt
8.639461,49.88823,2,1,219,219.1,darmstadt
8.639909,49.888205,3,1,219,219.1,darmstadt
8.642898,49.888229,4,1,219,219.1,darmstadt
8.643602,49.888339,5,1,219,219.1,darmstadt
8.645108,49.888477,6,1,219,219.1,darmstadt
8.6382769,49.8881675,1,1,220,220.1,darmstadt
8.6377037,49.8881588,2,1,220,220.1,darmstadt
8.6349558,49.8881413,3,1,220,220.1,darmstadt
8.6330528,49.8881722,4,1,220,220.1,darmstadt
8.6296374,49.8699429,1,1,221,221.1,darmstadt
8.6294818,49.8699498,2,1,221,221.1,darmstadt
8.6293879,49.8699472,3,1,221,221.1,darmstadt
8.6292243,49.8699412,4,1,221,221.1,darmstadt
8.6291385,49.8699403,5,1,221,221.1,darmstadt
8.63102,49.870019,1,1,222,222.1,darmstadt
8.6315525,49.8700847,2,1,222,222.1,darmstadt
8.6319253,49.870127,3,1,222,222.1,darmstadt
8.6322244,49.8701564,4,1,222,222.1,darmstadt
8.6325422,49.870191,5,1,222,222.1,darmstadt
8.6327434,49.8702204,6,1,222,222.1,darmstadt
8.6328024,49.8702299,7,1,222,222.1,darmstadt
8.6292954,49.8687959,1,1,223,223.1,darmstadt
8.6292082,49.869114,2,1,223,223.1,darmstadt
8.6292002,49.8693776,3,1,223,223.1,darmstadt
8.6292122,49.8694857,4,1,223,223.1,darmstadt
8.6292297,49.8695237,5,1,223,223.1,darmstadt
8.6292887,49.8696283,6,1,223,223.1,darmstadt
8.6293423,49.869694,7,1,223,223.1,darmstadt
8.6293812,49.8697476,8,1,223,223.1,darmstadt
8.6290191,49.8672892,1,1,224,224.1,darmstadt
8.6290352,49.8672901,2,1,224,224.1,darmstadt
8.6292739,49.8673255,3,1,224,224.1,darmstadt
8.629467,49.867354,4,1,224,224.1,darmstadt
8.6257964,49.8668734,1,1,225,225.1,darmstadt
8.626695,49.8669979,2,1,225,225.1,darmstadt
8.628071,49.8671915,3,1,225,225.1,darmstadt
8.6292887,49.867361,4,1,225,225.1,darmstadt
8.6293665,49.8673713,5,1,225,225.1,darmstadt
8.6334716,49.8676618,1,1,226,226.1,darmstadt
8.6336459,49.8677448,2,1,226,226.1,darmstadt
8.633734,49.867766,3,1,226,226.1,darmstadt
8.6338337,49.8677802,4,1,226,226.1,darmstadt
8.6339289,49.8677819,5,1,226,226.1,darmstadt
8.6340603,49.8677655,6,1,226,226.1,darmstadt
8.6341314,49.867743,7,1,226,226.1,darmstadt
8.6344063,49.8675494,1,1,227,227.1,darmstadt
8.6343151,49.8676739,2,1,227,227.1,darmstadt
8.6342132,49.8678589,3,1,227,227.1,darmstadt
8.6341931,49.8678978,4,1,227,227.1,darmstadt
8.6428419,49.8526394,1,1,228,228.1,darmstadt
8.6428405,49.8526489,2,1,228,228.1,darmstadt
8.6428794,49.8528469,3,1,228,228.1,darmstadt
8.6429653,49.8530976,4,1,228,228.1,darmstadt
8.6430055,49.8532152,5,1,228,228.1,darmstadt
8.6430484,49.853338,6,1,228,228.1,darmstadt
8.6430833,49.8534279,7,1,228,228.1,darmstadt
8.6483712,49.8533968,1,1,229,229.1,darmstadt
8.6480655,49.8533778,2,1,229,229.1,darmstadt
8.6476296,49.8533778,3,1,229,229.1,darmstadt
8.6473051,49.8533778,4,1,229,229.1,darmstadt
8.6469939,49.8533778,5,1,229,229.1,darmstadt
8.6434977,49.8545684,1,1,230,230.1,darmstadt
8.6433904,49.8543246,2,1,230,230.1,darmstadt
8.6433153,49.8540946,3,1,230,230.1,darmstadt
8.6432308,49.8538075,4,1,230,230.1,darmstadt
8.6259815,49.8621655,1,1,231,231.1,darmstadt
8.6264616,49.8622399,2,1,231,231.1,darmstadt
8.6270463,49.8623332,3,1,231,231.1,darmstadt
8.6271617,49.8623609,4,1,231,231.1,darmstadt
8.6486368,49.8655318,1,1,232,232.1,darmstadt
8.6485161,49.8654981,2,1,232,232.1,darmstadt
8.6482157,49.8654601,3,1,232,232.1,darmstadt
8.6478965,49.8654177,4,1,232,232.1,darmstadt
8.6476739,49.8654013,5,1,232,232.1,darmstadt
8.6475344,49.8653952,6,1,232,232.1,darmstadt
8.6474177,49.8653944,7,1,232,232.1,darmstadt
8.647301,49.8653918,8,1,232,232.1,darmstadt
8.6462295,49.8678995,1,1,233,233.1,darmstadt
8.646263,49.867979,2,1,233,233.1,darmstadt
8.6462469,49.8680542,3,1,233,233.1,darmstadt
8.6462107,49.8681925,4,1,233,233.1,darmstadt
8.6462134,49.8682721,5,1,233,233.1,darmstadt
8.6462657,49.8683395,6,1,233,233.1,darmstadt
8.6463717,49.8684164,7,1,233,233.1,darmstadt
8.6464307,49.8684337,8,1,233,233.1,darmstadt
8.6420158,49.8703206,1,1,234,234.1,darmstadt
8.6418763,49.8706595,2,1,234,234.1,darmstadt
8.6417529,49.8710433,3,1,234,234.1,darmstadt
8.6416751,49.8712732,4,1,234,234.1,darmstadt
8.6367975,49.8709516,1,1,235,235.1,darmstadt
8.636131,49.8708652,2,1,235,235.1,darmstadt
8.635219,49.8707347,3,1,235,235.1,darmstadt
8.6347322,49.8706724,4,1,235,235.1,darmstadt
8.6343715,49.8706189,5,1,235,235.1,darmstadt
8.6339155,49.870554,6,1,235,235.1,darmstadt
8.6337827,49.870535,7,1,235,235.1,darmstadt
8.6335547,49.8705177,8,1,235,235.1,darmstadt
8.6333965,49.8704996,9,1,235,235.1,darmstadt
8.6351641,49.8706794,1,1,236,236.1,darmstadt
8.6349347,49.8706336,2,1,236,236.1,darmstadt
8.6344975,49.8705722,3,1,236,236.1,darmstadt
8.634055,49.8705091,4,1,236,236.1,darmstadt
8.63378,49.8704771,5,1,236,236.1,darmstadt
8.6336848,49.8704659,6,1,236,236.1,darmstadt
8.6336271,49.8704685,7,1,236,236.1,darmstadt
8.6335078,49.8704572,8,1,236,236.1,darmstadt
8.6334166,49.870446,9,1,236,236.1,darmstadt
8.6353397,49.8707632,1,1,237,237.1,darmstadt
8.6353277,49.8707615,2,1,237,237.1,darmstadt
8.6349642,49.8707226,3,1,237,237.1,darmstadt
8.6345646,49.8706716,4,1,237,237.1,darmstadt
8.6340402,49.8705955,5,1,237,237.1,darmstadt
8.633772,49.8705601,6,1,237,237.1,darmstadt
8.6335909,49.870548,7,1,237,237.1,darmstadt
8.6334595,49.8705316,8,1,237,237.1,darmstadt
8.6333911,49.870522,9,1,237,237.1,darmstadt
8.636808,49.8709282,1,1,238,238.1,darmstadt
8.6358815,49.8707995,2,1,238,238.1,darmstadt
8.6349428,49.8706612,3,1,238,238.1,darmstadt
8.6341301,49.8705506,4,1,238,238.1,darmstadt
8.6337894,49.8705074,5,1,238,238.1,darmstadt
8.6336365,49.8705004,6,1,238,238.1,darmstadt
8.6334541,49.8704814,7,1,238,238.1,darmstadt
8.6334032,49.8704728,8,1,238,238.1,darmstadt
8.6430766,49.8715887,1,1,239,239.1,darmstadt
8.6433877,49.8715964,2,1,239,239.1,darmstadt
8.6435996,49.8716129,3,1,239,239.1,darmstadt
8.643786,49.8716336,4,1,239,239.1,darmstadt
8.6440046,49.8716665,5,1,239,239.1,darmstadt
8.6427708,49.8715887,1,1,240,240.1,darmstadt
8.6430189,49.871612,2,1,240,240.1,darmstadt
8.6433367,49.8716276,3,1,240,240.1,darmstadt
8.6436278,49.8716535,4,1,240,240.1,darmstadt
8.6437444,49.8716708,5,1,240,240.1,darmstadt
8.6439966,49.8717053,6,1,240,240.1,darmstadt
8.6329821,49.8711072,1,1,241,241.1,darmstadt
8.633033,49.8708254,2,1,241,241.1,darmstadt
8.6330572,49.8706353,3,1,241,241.1,darmstadt
8.6324188,49.8732836,1,1,242,242.1,darmstadt
8.6324269,49.8733095,2,1,242,242.1,darmstadt
8.6323652,49.8734496,3,1,242,242.1,darmstadt
8.6323303,49.8737175,4,1,242,242.1,darmstadt
8.6323062,49.8739215,5,1,242,242.1,darmstadt
8.6307693,49.8750814,1,1,243,243.1,darmstadt
8.6313942,49.875033,2,1,243,243.1,darmstadt
8.6318877,49.8750001,3,1,243,243.1,darmstadt
8.6320701,49.8749915,4,1,243,243.1,darmstadt
8.632113,49.8749759,5,1,243,243.1,darmstadt
8.6335722,49.8750018,1,1,244,244.1,darmstadt
8.6332745,49.8749846,2,1,244,244.1,darmstadt
8.632907,49.8749967,3,1,244,244.1,darmstadt
8.6326388,49.8750122,4,1,244,244.1,darmstadt
8.6324832,49.8749984,5,1,244,244.1,darmstadt
8.6411119,49.8727356,1,1,245,245.1,darmstadt
8.6411092,49.8726976,2,1,245,245.1,darmstadt
8.6411467,49.872542,3,1,245,245.1,darmstadt
8.6412594,49.8721876,4,1,245,245.1,darmstadt
8.6412889,49.8720502,5,1,245,245.1,darmstadt
8.6413144,49.871899,6,1,245,245.1,darmstadt
8.6413291,49.8718099,7,1,245,245.1,darmstadt
8.6413532,49.8717252,8,1,245,245.1,darmstadt
8.6411145,49.8728713,1,1,246,246.1,darmstadt
8.6411333,49.8728489,2,1,246,246.1,darmstadt
8.641199,49.8726172,3,1,246,246.1,darmstadt
8.6412849,49.8723372,4,1,246,246.1,darmstadt
8.6413385,49.8721565,5,1,246,246.1,darmstadt
8.641368,49.8720364,6,1,246,246.1,darmstadt
8.6413895,49.8719041,7,1,246,246.1,darmstadt
8.641423,49.8717944,8,1,246,246.1,darmstadt
8.6414418,49.8717313,9,1,246,246.1,darmstadt
8.6411574,49.8728748,1,1,247,247.1,darmstadt
8.6412299,49.8726267,2,1,247,247.1,darmstadt
8.6413626,49.8722144,3,1,247,247.1,darmstadt
8.6414203,49.8719759,4,1,247,247.1,darmstadt
8.6414444,49.8718791,5,1,247,247.1,darmstadt
8.6414619,49.8717935,6,1,247,247.1,darmstadt
8.6414766,49.8717347,7,1,247,247.1,darmstadt
8.6411038,49.8734375,1,1,248,248.1,darmstadt
8.6410716,49.873351,2,1,248,248.1,darmstadt
8.6410461,49.8731756,3,1,248,248.1,darmstadt
8.6410408,49.8731056,4,1,248,248.1,darmstadt
8.6410756,49.8729612,5,1,248,248.1,darmstadt
8.6411078,49.87288,6,1,248,248.1,darmstadt
8.641144,49.8734245,1,1,249,249.1,darmstadt
8.6411119,49.8733147,2,1,249,249.1,darmstadt
8.6410904,49.8731687,3,1,249,249.1,darmstadt
8.6410931,49.8730615,4,1,249,249.1,darmstadt
8.6411038,49.8730062,5,1,249,249.1,darmstadt
8.6411333,49.8729163,6,1,249,249.1,darmstadt
8.6411427,49.87288,7,1,249,249.1,darmstadt
8.650336,49.8739353,1,1,250,250.1,darmstadt
8.6504647,49.873574,2,1,250,250.1,darmstadt
8.6506283,49.8731643,3,1,250,250.1,darmstadt
8.6506927,49.8729725,4,1,250,250.1,darmstadt
8.650808,49.8726164,5,1,250,250.1,darmstadt
8.6509824,49.8722153,6,1,250,250.1,darmstadt
8.6511755,49.8716552,7,1,250,250.1,darmstadt
8.6514357,49.8708496,8,1,250,250.1,darmstadt
8.6516958,49.8700423,9,1,250,250.1,darmstadt
8.6518353,49.8696499,10,1,250,250.1,darmstadt
8.6518863,49.8695289,11,1,250,250.1,darmstadt
8.6519238,49.8694787,12,1,250,250.1,darmstadt
8.6521035,49.8693975,13,1,250,250.1,darmstadt
8.6523315,49.8693681,14,1,250,250.1,darmstadt
8.6526132,49.8693819,15,1,250,250.1,darmstadt
8.6565104,49.8699325,16,1,250,250.1,darmstadt
8.650285,49.8739301,1,1,251,251.1,darmstadt
8.650623,49.8730139,2,1,251,251.1,darmstadt
8.6508483,49.8724193,3,1,251,251.1,darmstadt
8.6509448,49.8722067,4,1,251,251.1,darmstadt
8.6511621,49.8715688,5,1,251,251.1,darmstadt
8.6515456,49.8703967,6,1,251,251.1,darmstadt
8.6518219,49.8695963,7,1,251,251.1,darmstadt
8.6518648,49.8694943,8,1,251,251.1,darmstadt
8.6519265,49.8694424,9,1,251,251.1,darmstadt
8.6520848,49.869375,10,1,251,251.1,darmstadt
8.652302,49.869337,11,1,251,251.1,darmstadt
8.6525461,49.8693543,12,1,251,251.1,darmstadt
8.652935,49.8694044,13,1,251,251.1,darmstadt
8.6549138,49.8696767,14,1,251,251.1,darmstadt
8.655808,49.8697973,15,1,251,251.1,darmstadt
8.65618,49.8698532,16,1,251,251.1,darmstadt
8.6563606,49.8698665,17,1,251,251.1,darmstadt
8.6564635,49.8698228,18,1,251,251.1,darmstadt
8.6492443,49.8725144,1,1,252,252.1,darmstadt
8.6497727,49.8725904,2,1,252,252.1,darmstadt
8.6500812,49.8726354,3,1,252,252.1,darmstadt
8.6503869,49.8726803,4,1,252,252.1,darmstadt
8.650623,49.8726544,5,1,252,252.1,darmstadt
8.6507383,49.8725783,6,1,252,252.1,darmstadt
8.6508161,49.8724158,7,1,252,252.1,darmstadt
8.6509502,49.8721168,8,1,252,252.1,darmstadt
8.6510414,49.8718333,9,1,252,252.1,darmstadt
8.6512533,49.8711729,10,1,252,252.1,darmstadt
8.6515886,49.870172,11,1,252,252.1,darmstadt
8.651787,49.8695652,12,1,252,252.1,darmstadt
8.6518514,49.8694234,13,1,252,252.1,darmstadt
8.6518702,49.8693612,14,1,252,252.1,darmstadt
8.6518514,49.8693145,15,1,252,252.1,darmstadt
8.6518246,49.869292,16,1,252,252.1,darmstadt
8.6517978,49.8692765,17,1,252,252.1,darmstadt
8.6517414,49.869254,18,1,252,252.1,darmstadt
8.6502501,49.8739414,1,1,253,253.1,darmstadt
8.6499766,49.8738921,2,1,253,253.1,darmstadt
8.6494602,49.8738247,3,1,253,253.1,darmstadt
8.6492161,49.8737944,4,1,253,253.1,darmstadt
8.6488782,49.8737521,5,1,253,253.1,darmstadt
8.6502582,49.8739742,1,1,254,254.1,darmstadt
8.6500128,49.8739284,2,1,254,254.1,darmstadt
8.649648,49.8738817,3,1,254,254.1,darmstadt
8.6492282,49.8738247,4,1,254,254.1,darmstadt
8.6489399,49.873784,5,1,254,254.1,darmstadt
8.6488701,49.8737737,6,1,254,254.1,darmstadt
8.6502407,49.8739993,1,1,255,255.1,darmstadt
8.6500369,49.8739612,2,1,255,255.1,darmstadt
8.649825,49.8739336,3,1,255,255.1,darmstadt
8.6492014,49.873848,4,1,255,255.1,darmstadt
8.6489426,49.8738134,5,1,255,255.1,darmstadt
8.6488594,49.8738022,6,1,255,255.1,darmstadt
8.6449246,49.8732551,1,1,256,256.1,darmstadt
8.6446859,49.8732663,2,1,256,256.1,darmstadt
8.6446095,49.8732637,3,1,256,256.1,darmstadt
8.6443841,49.8732318,4,1,256,256.1,darmstadt
8.6442836,49.8732179,5,1,256,256.1,darmstadt
8.6452277,49.8732421,1,1,257,257.1,darmstadt
8.6452009,49.8732387,2,1,257,257.1,darmstadt
8.6449166,49.8731955,3,1,257,257.1,darmstadt
8.644706,49.8731669,4,1,257,257.1,darmstadt
8.644588,49.8731488,5,1,257,257.1,darmstadt
8.6444888,49.8731298,6,1,257,257.1,darmstadt
8.6443962,49.8731004,7,1,257,257.1,darmstadt
8.6443305,49.8730762,8,1,257,257.1,darmstadt
8.6485925,49.8737702,1,1,258,258.1,darmstadt
8.6480708,49.8737011,2,1,258,258.1,darmstadt
8.6473131,49.8735939,3,1,258,258.1,darmstadt
8.6459304,49.8733994,4,1,258,258.1,darmstadt
8.6450882,49.8732784,5,1,258,258.1,darmstadt
8.6446041,49.8732127,6,1,258,258.1,darmstadt
8.6442621,49.8731635,7,1,258,258.1,darmstadt
8.6485738,49.87374,1,1,259,259.1,darmstadt
8.6475465,49.8735948,2,1,259,259.1,darmstadt
8.6458111,49.8733476,3,1,259,259.1,darmstadt
8.6452961,49.8732767,4,1,259,259.1,darmstadt
8.644588,49.8731756,5,1,259,259.1,darmstadt
8.6444673,49.8731566,6,1,259,259.1,darmstadt
8.6443385,49.8731151,7,1,259,259.1,darmstadt
8.644305,49.8731012,8,1,259,259.1,darmstadt
8.6447597,49.8720416,1,1,260,260.1,darmstadt
8.644643,49.8720736,2,1,260,260.1,darmstadt
8.6445612,49.8721332,3,1,260,260.1,darmstadt
8.644489,49.87219,4,1,260,260.1,darmstadt
8.6444364,49.8722594,5,1,260,260.1,darmstadt
8.6443855,49.8723519,6,1,260,260.1,darmstadt
8.6439912,49.873039,1,1,261,261.1,darmstadt
8.6440475,49.8728376,2,1,261,261.1,darmstadt
8.644124,49.8726198,3,1,261,261.1,darmstadt
8.6442567,49.8722801,4,1,261,261.1,darmstadt
8.6443198,49.8720969,5,1,261,261.1,darmstadt
8.6440502,49.8726051,1,1,262,262.1,darmstadt
8.644073,49.8725377,2,1,262,262.1,darmstadt
8.6441548,49.8722853,3,1,262,262.1,darmstadt
8.6441709,49.8722023,4,1,262,262.1,darmstadt
8.6441709,49.8721211,5,1,262,262.1,darmstadt
8.6441347,49.8720666,6,1,262,262.1,darmstadt
8.6440502,49.8720096,7,1,262,262.1,darmstadt
8.6439335,49.8719525,8,1,262,262.1,darmstadt
8.6435285,49.8772973,1,1,263,263.1,darmstadt
8.6435285,49.877344,2,1,263,263.1,darmstadt
8.643558,49.8774944,3,1,263,263.1,darmstadt
8.6435902,49.8777208,4,1,263,263.1,darmstadt
8.6436519,49.8779939,5,1,263,263.1,darmstadt
8.6441883,49.8798718,1,1,264,264.1,darmstadt
8.6442232,49.8800049,2,1,264,264.1,darmstadt
8.6443064,49.8801449,3,1,264,264.1,darmstadt
8.6444324,49.8803022,4,1,264,264.1,darmstadt
8.6446711,49.8805589,5,1,264,264.1,darmstadt
8.6450279,49.8809434,6,1,264,264.1,darmstadt
8.6453873,49.8813418,7,1,264,264.1,darmstadt
8.6455965,49.8815691,8,1,264,264.1,darmstadt
8.645681,49.8816607,9,1,264,264.1,darmstadt
8.6457226,49.881703,10,1,264,264.1,darmstadt
8.6526346,49.8894989,1,1,265,265.1,darmstadt
8.65242,49.8884517,2,1,265,265.1,darmstadt
8.6521518,49.8871763,3,1,265,265.1,darmstadt
8.6518836,49.8859839,4,1,265,265.1,darmstadt
8.6516368,49.8849297,5,1,265,265.1,darmstadt
8.6514491,49.8845633,6,1,265,265.1,darmstadt
8.6514062,49.8844251,7,1,265,265.1,darmstadt
8.6513633,49.884235,8,1,265,265.1,darmstadt
8.6445156,49.8821887,1,1,266,266.1,darmstadt
8.6442353,49.8822068,2,1,266,266.1,darmstadt
8.6439577,49.8822414,3,1,266,266.1,darmstadt
8.6437257,49.8822673,4,1,266,266.1,darmstadt
8.6435714,49.8822803,5,1,266,266.1,darmstadt
8.6422706,49.8824808,1,1,267,267.1,darmstadt
8.6426783,49.8824065,2,1,267,267.1,darmstadt
8.6429478,49.8823563,3,1,267,267.1,darmstadt
8.6376384,49.8840068,1,1,268,268.1,darmstadt
8.6376505,49.8839999,2,1,268,268.1,darmstadt
8.6378959,49.8838176,3,1,268,268.1,darmstadt
8.6381641,49.8836163,4,1,268,268.1,darmstadt
8.6384296,49.8834123,5,1,268,268.1,darmstadt
8.6385249,49.8833432,6,1,268,268.1,darmstadt
8.6367077,49.8846938,1,1,269,269.1,darmstadt
8.6371891,49.8843257,2,1,269,269.1,darmstadt
8.6376424,49.8839783,3,1,269,269.1,darmstadt
8.6378744,49.88379,4,1,269,269.1,darmstadt
8.6381198,49.8836068,5,1,269,269.1,darmstadt
8.6383438,49.8834339,6,1,269,269.1,darmstadt
8.638486,49.883332,7,1,269,269.1,darmstadt
8.6330371,49.887522,1,1,270,270.1,darmstadt
8.6328962,49.8876948,2,1,270,270.1,darmstadt
8.6328305,49.8877942,3,1,270,270.1,darmstadt
8.6328319,49.8878935,4,1,270,270.1,darmstadt
8.6328439,49.8879557,5,1,270,270.1,darmstadt
8.6328761,49.8880387,6,1,270,270.1,darmstadt
8.6328936,49.8880853,7,1,270,270.1,darmstadt
8.632903,49.887687,1,1,271,271.1,darmstadt
8.6328694,49.8878287,2,1,271,271.1,darmstadt
8.6328694,49.8879004,3,1,271,271.1,darmstadt
8.6328936,49.8879626,4,1,271,271.1,darmstadt
8.6329392,49.8880776,5,1,271,271.1,darmstadt
8.6452089,49.8873293,1,1,272,272.1,darmstadt
8.6452076,49.887503,2,1,272,272.1,darmstadt
8.645225,49.8877933,3,1,272,272.1,darmstadt
8.6452478,49.8879402,4,1,272,272.1,darmstadt
8.6452478,49.888081,5,1,272,272.1,darmstadt
8.6452612,49.8882201,6,1,272,272.1,darmstadt
8.6452425,49.8873552,1,1,273,273.1,darmstadt
8.645276,49.8875946,2,1,273,273.1,darmstadt
8.6453162,49.8879981,3,1,273,273.1,darmstadt
8.6453323,49.8882348,4,1,273,273.1,darmstadt
8.6469443,49.8886694,1,1,274,274.1,darmstadt
8.6466533,49.8886271,2,1,274,274.1,darmstadt
8.6462751,49.8885718,3,1,274,274.1,darmstadt
8.6460082,49.8885303,4,1,274,274.1,darmstadt
8.645905,49.888513,5,1,274,274.1,darmstadt
8.6455536,49.8884742,6,1,274,274.1,darmstadt
8.6481929,49.8888682,1,1,275,275.1,darmstadt
8.647863,49.8888319,2,1,275,275.1,darmstadt
8.6473131,49.8887368,3,1,275,275.1,darmstadt
8.6469537,49.888691,4,1,275,275.1,darmstadt
8.6466265,49.8886763,5,1,275,275.1,darmstadt
8.6464146,49.8886478,6,1,275,275.1,darmstadt
8.6459143,49.8885778,7,1,275,275.1,darmstadt
8.6455549,49.8885338,8,1,275,275.1,darmstadt
8.6467525,49.8886798,1,1,276,276.1,darmstadt
8.6466815,49.8886807,2,1,276,276.1,darmstadt
8.6464213,49.8886738,3,1,276,276.1,darmstadt
8.6459841,49.8886159,4,1,276,276.1,darmstadt
8.6458392,49.888596,5,1,276,276.1,darmstadt
8.6455563,49.8885623,6,1,276,276.1,darmstadt
8.6330035,49.8883636,1,1,277,277.1,darmstadt
8.6331162,49.8886349,2,1,277,277.1,darmstadt
8.6332235,49.8887818,3,1,277,277.1,darmstadt
8.6334729,49.8890444,4,1,277,277.1,darmstadt
8.6337063,49.8892432,5,1,277,277.1,darmstadt
8.6340496,49.8894384,6,1,277,277.1,darmstadt
8.6344787,49.8895991,7,1,277,277.1,darmstadt
8.6348489,49.8896596,8,1,277,277.1,darmstadt
8.6351788,49.8896959,9,1,277,277.1,darmstadt
8.6368766,49.8897719,10,1,277,277.1,darmstadt
8.6383545,49.8898376,11,1,277,277.1,darmstadt
8.6406532,49.8899275,12,1,277,277.1,darmstadt
8.6418843,49.8899776,13,1,277,277.1,darmstadt
8.6427534,49.8900156,14,1,277,277.1,darmstadt
8.6432925,49.8900173,15,1,277,277.1,darmstadt
8.6437216,49.8899707,16,1,277,277.1,darmstadt
8.6440703,49.8898946,17,1,277,277.1,darmstadt
8.6443037,49.8898082,18,1,277,277.1,darmstadt
8.6445585,49.8896838,19,1,277,277.1,darmstadt
8.6447623,49.8895438,20,1,277,277.1,darmstadt
8.6449206,49.8894004,21,1,277,277.1,darmstadt
8.6450627,49.8892518,22,1,277,277.1,darmstadt
8.6451781,49.8890721,23,1,277,277.1,darmstadt
8.6452371,49.8889096,24,1,277,277.1,darmstadt
8.6452693,49.8888129,25,1,277,277.1,darmstadt
8.6452827,49.8886418,26,1,277,277.1,darmstadt
8.6330491,49.8883515,1,1,278,278.1,darmstadt
8.6331403,49.8885519,2,1,278,278.1,darmstadt
8.6332476,49.8887455,3,1,278,278.1,darmstadt
8.6334676,49.888977,4,1,278,278.1,darmstadt
8.633709,49.8892051,5,1,278,278.1,darmstadt
8.6340094,49.8893814,6,1,278,278.1,darmstadt
8.6343098,49.8895093,7,1,278,278.1,darmstadt
8.6346424,49.8895957,8,1,278,278.1,darmstadt
8.6351198,49.8896648,9,1,278,278.1,darmstadt
8.6358386,49.8896994,10,1,278,278.1,darmstadt
8.6371797,49.8897547,11,1,278,278.1,darmstadt
8.638081,49.8897961,12,1,278,278.1,darmstadt
8.6411601,49.8899205,13,1,278,278.1,darmstadt
8.6424851,49.8899828,14,1,278,278.1,darmstadt
8.6432415,49.8899862,15,1,278,278.1,darmstadt
8.6436117,49.8899551,16,1,278,278.1,darmstadt
8.643955,49.8898929,17,1,278,278.1,darmstadt
8.6442822,49.8897719,18,1,278,278.1,darmstadt
8.6445612,49.8896371,19,1,278,278.1,darmstadt
8.6448026,49.8894471,20,1,278,278.1,darmstadt
8.6450118,49.8892328,21,1,278,278.1,darmstadt
8.6451513,49.8890185,22,1,278,278.1,darmstadt
8.6452049,49.8888008,23,1,278,278.1,darmstadt
8.6452156,49.8886487,24,1,278,278.1,darmstadt
8.6453363,49.888564,1,1,279,279.1,darmstadt
8.6453497,49.8885796,2,1,279,279.1,darmstadt
8.6453122,49.8888008,3,1,279,279.1,darmstadt
8.6452237,49.8890582,4,1,279,279.1,darmstadt
8.6451191,49.8892535,5,1,279,279.1,darmstadt
8.6449072,49.8894764,6,1,279,279.1,darmstadt
8.6446685,49.8896596,7,1,279,279.1,darmstadt
8.6442903,49.8898376,8,1,279,279.1,darmstadt
8.6440462,49.889924,9,1,279,279.1,darmstadt
8.6436036,49.890019,10,1,279,279.1,darmstadt
8.6433327,49.8900432,11,1,279,279.1,darmstadt
8.6417073,49.8900052,12,1,279,279.1,darmstadt
8.6386818,49.8898791,13,1,279,279.1,darmstadt
8.6356187,49.8897495,14,1,279,279.1,darmstadt
8.6350742,49.8897218,15,1,279,279.1,darmstadt
8.6348033,49.8896907,16,1,279,279.1,darmstadt
8.6345404,49.8896406,17,1,279,279.1,darmstadt
8.6342347,49.8895594,18,1,279,279.1,darmstadt
8.6339664,49.8894419,19,1,279,279.1,darmstadt
8.6337224,49.8893036,20,1,279,279.1,darmstadt
8.6334541,49.8890997,21,1,279,279.1,darmstadt
8.6332664,49.8889494,22,1,279,279.1,darmstadt
8.6330277,49.8887075,23,1,279,279.1,darmstadt
8.6329177,49.8885899,24,1,279,279.1,darmstadt
8.6327809,49.8885053,25,1,279,279.1,darmstadt
8.6334756,49.8890807,1,1,280,280.1,darmstadt
8.6333039,49.8889407,2,1,280,280.1,darmstadt
8.6331162,49.8887386,3,1,280,280.1,darmstadt
8.6329767,49.888602,4,1,280,280.1,darmstadt
8.6328802,49.8884759,5,1,280,280.1,darmstadt
8.6328694,49.88845,6,1,280,280.1,darmstadt
8.6331913,49.8887956,1,1,281,281.1,darmstadt
8.6331725,49.8887835,2,1,281,281.1,darmstadt
8.6330813,49.8886539,3,1,281,281.1,darmstadt
8.6329982,49.8885467,4,1,281,281.1,darmstadt
8.6329204,49.8884517,5,1,281,281.1,darmstadt
8.6388212,49.8881752,1,1,282,282.1,darmstadt
8.6396447,49.8881752,2,1,282,282.1,darmstadt
8.6412165,49.8881769,3,1,282,282.1,darmstadt
8.6422276,49.8881856,4,1,282,282.1,darmstadt
8.6426944,49.8881977,5,1,282,282.1,darmstadt
8.642917,49.8882011,6,1,282,282.1,darmstadt
8.6435339,49.8882201,7,1,282,282.1,darmstadt
8.6442232,49.8882702,8,1,282,282.1,darmstadt
8.6446819,49.8883048,9,1,282,282.1,darmstadt
8.6449876,49.8883307,10,1,282,282.1,darmstadt
8.6430162,49.8882184,1,1,283,283.1,darmstadt
8.6435258,49.888253,2,1,283,283.1,darmstadt
8.6442447,49.8882979,3,1,283,283.1,darmstadt
8.6446255,49.8883307,4,1,283,283.1,darmstadt
8.644985,49.8883618,5,1,283,283.1,darmstadt
8.6431611,49.8882426,1,1,284,284.1,darmstadt
8.643609,49.8882893,2,1,284,284.1,darmstadt
8.64444,49.888343,3,1,284,284.1,darmstadt
8.6446711,49.8883618,4,1,284,284.1,darmstadt
8.6449903,49.8883947,5,1,284,284.1,darmstadt
8.6384082,49.8882253,1,1,285,285.1,darmstadt
8.6379629,49.8882132,2,1,285,285.1,darmstadt
8.6375606,49.8881925,3,1,285,285.1,darmstadt
8.6361927,49.8881821,4,1,285,285.1,darmstadt
8.6353853,49.8881787,5,1,285,285.1,darmstadt
8.634814,49.8881942,6,1,285,285.1,darmstadt
8.6341918,49.8882201,7,1,285,285.1,darmstadt
8.633827,49.8882478,8,1,285,285.1,darmstadt
8.6334434,49.8882702,9,1,285,285.1,darmstadt
8.6331457,49.8883048,10,1,285,285.1,darmstadt
8.6343902,49.888227,1,1,286,286.1,darmstadt
8.6342347,49.8882374,2,1,286,286.1,darmstadt
8.6339584,49.8882685,3,1,286,286.1,darmstadt
8.6334193,49.88831,4,1,286,286.1,darmstadt
8.6331591,49.8883394,5,1,286,286.1,darmstadt
8.6326978,49.888348,1,1,287,287.1,darmstadt
8.6326803,49.8883497,2,1,287,287.1,darmstadt
8.632505,49.888378,3,1,287,287.1,darmstadt
8.6322311,49.8884482,4,1,287,287.1,darmstadt
8.6322029,49.8884569,5,1,287,287.1,darmstadt
8.6331376,49.8883065,1,1,288,288.1,darmstadt
8.6327983,49.8883558,2,1,288,288.1,darmstadt
8.6325838,49.8883947,3,1,288,288.1,darmstadt
8.6325154,49.8884102,4,1,288,288.1,darmstadt
8.6323397,49.8884526,5,1,288,288.1,darmstadt
8.6322391,49.8884837,6,1,288,288.1,darmstadt
8.6331685,49.8883359,1,1,289,289.1,darmstadt
8.6328909,49.8883679,2,1,289,289.1,darmstadt
8.6326669,49.8884076,3,1,289,289.1,darmstadt
8.6325341,49.8884344,4,1,289,289.1,darmstadt
8.6323813,49.8884742,5,1,289,289.1,darmstadt
8.6322646,49.888507,6,1,289,289.1,darmstadt
8.6316772,49.8884353,1,1,290,290.1,darmstadt
8.6318381,49.8883601,2,1,290,290.1,darmstadt
8.6320071,49.8883022,3,1,290,290.1,darmstadt
8.6321788,49.8882469,4,1,290,290.1,darmstadt
8.6323102,49.8882158,5,1,290,290.1,darmstadt
8.6324939,49.8881769,6,1,290,290.1,darmstadt
8.6325918,49.8881493,7,1,290,290.1,darmstadt
8.631704,49.8884534,1,1,291,291.1,darmstadt
8.6318395,49.8883999,2,1,291,291.1,darmstadt
8.6319749,49.8883471,3,1,291,291.1,darmstadt
8.6321077,49.8882988,4,1,291,291.1,darmstadt
8.6323021,49.888253,5,1,291,291.1,darmstadt
8.6324403,49.8882219,6,1,291,291.1,darmstadt
8.6325824,49.8881838,7,1,291,291.1,darmstadt
8.6326173,49.8881743,8,1,291,291.1,darmstadt
8.6317201,49.8884828,1,1,292,292.1,darmstadt
8.6319749,49.8883808,2,1,292,292.1,darmstadt
8.6321144,49.8883359,3,1,292,292.1,darmstadt
8.632282,49.8882901,4,1,292,292.1,darmstadt
8.6324523,49.8882521,5,1,292,292.1,darmstadt
8.6325744,49.8882279,6,1,292,292.1,darmstadt
8.6326468,49.8882149,7,1,292,292.1,darmstadt
8.6317576,49.8885027,1,1,293,293.1,darmstadt
8.6319467,49.8884232,2,1,293,293.1,darmstadt
8.6320983,49.888367,3,1,293,293.1,darmstadt
8.6323652,49.8883031,4,1,293,293.1,darmstadt
8.6325006,49.8882711,5,1,293,293.1,darmstadt
8.6326548,49.88824,6,1,293,293.1,darmstadt
8.6317644,49.8885372,1,1,294,294.1,darmstadt
8.6317872,49.8885243,2,1,294,294.1,darmstadt
8.6319427,49.888456,3,1,294,294.1,darmstadt
8.6321251,49.8883929,4,1,294,294.1,darmstadt
8.6323035,49.888348,5,1,294,294.1,darmstadt
8.6324671,49.8883005,6,1,294,294.1,darmstadt
8.6326294,49.8882737,7,1,294,294.1,darmstadt
8.6326696,49.8882702,8,1,294,294.1,darmstadt
8.631881,49.8884845,1,1,295,295.1,darmstadt
8.6320446,49.88845,2,1,295,295.1,darmstadt
8.6323223,49.8883713,3,1,295,295.1,darmstadt
8.6324671,49.8883376,4,1,295,295.1,darmstadt
8.6325891,49.8883091,5,1,295,295.1,darmstadt
8.6326844,49.8882988,6,1,295,295.1,darmstadt
8.6312681,49.8888155,1,1,296,296.1,darmstadt
8.6313848,49.8887325,2,1,296,296.1,darmstadt
8.6315364,49.8886504,3,1,296,296.1,darmstadt
8.6316396,49.8885943,4,1,296,296.1,darmstadt
8.6317644,49.8885372,5,1,296,296.1,darmstadt
8.6310482,49.8889537,1,1,297,297.1,darmstadt
8.6311863,49.8888327,2,1,297,297.1,darmstadt
8.6313352,49.8887256,3,1,297,297.1,darmstadt
8.6314908,49.8886349,4,1,297,297.1,darmstadt
8.6316061,49.8885701,5,1,297,297.1,darmstadt
8.6317416,49.888507,6,1,297,297.1,darmstadt
8.6309624,49.888914,1,1,298,298.1,darmstadt
8.6310643,49.8887913,2,1,298,298.1,darmstadt
8.6312078,49.8886815,3,1,298,298.1,darmstadt
8.631421,49.8885562,4,1,298,298.1,darmstadt
8.6316007,49.8884647,5,1,298,298.1,darmstadt
8.6316758,49.8884275,6,1,298,298.1,darmstadt
8.6308618,49.8890392,1,1,299,299.1,darmstadt
8.6308725,49.8890271,2,1,299,299.1,darmstadt
8.6309624,49.8889546,3,1,299,299.1,darmstadt
8.6310549,49.8888431,4,1,299,299.1,darmstadt
8.6311568,49.888774,5,1,299,299.1,darmstadt
8.6312909,49.8886755,6,1,299,299.1,darmstadt
8.6314465,49.8885813,7,1,299,299.1,darmstadt
8.6315739,49.8885139,8,1,299,299.1,darmstadt
8.631704,49.8884534,9,1,299,299.1,darmstadt
8.6317362,49.8877389,1,1,300,300.1,darmstadt
8.6317831,49.887941,2,1,300,300.1,darmstadt
8.6318354,49.8880862,3,1,300,300.1,darmstadt
8.6318663,49.8881847,4,1,300,300.1,darmstadt
8.6317281,49.8875876,1,1,301,301.1,darmstadt
8.6317737,49.887763,2,1,301,301.1,darmstadt
8.6318542,49.8879886,3,1,301,301.1,darmstadt
8.6318797,49.8880706,4,1,301,301.1,darmstadt
8.6319119,49.8881761,5,1,301,301.1,darmstadt
8.6720994,49.8518006,1,1,302,302.1,darmstadt
8.6720847,49.8517971,2,1,302,302.1,darmstadt
8.6717078,49.8518499,3,1,302,302.1,darmstadt
8.6714195,49.8519286,4,1,302,302.1,darmstadt
8.6711821,49.8520263,5,1,302,302.1,darmstadt
8.671107,49.8520669,6,1,302,302.1,darmstadt
8.6710225,49.8521231,7,1,302,302.1,darmstadt
8.6709219,49.852207,8,1,302,302.1,darmstadt
8.6708468,49.8522848,9,1,302,302.1,darmstadt
8.6702299,49.8533,1,1,303,303.1,darmstadt
8.6702809,49.8531893,2,1,303,303.1,darmstadt
8.6704552,49.8529264,3,1,303,303.1,darmstadt
8.6705786,49.8527345,4,1,303,303.1,darmstadt
8.6706671,49.8525615,5,1,303,303.1,darmstadt
8.6653885,49.8655526,1,1,304,304.1,darmstadt
8.6652517,49.8657825,2,1,304,304.1,darmstadt
8.6650854,49.8660142,3,1,304,304.1,darmstadt
8.6643988,49.8668942,1,1,305,305.1,darmstadt
8.6644122,49.8668752,2,1,305,305.1,darmstadt
8.6646697,49.8665,3,1,305,305.1,darmstadt
8.6648574,49.8662303,4,1,305,305.1,darmstadt
8.6645865,49.8668942,1,1,306,306.1,darmstadt
8.6645021,49.8670697,2,1,306,306.1,darmstadt
8.6644202,49.8672045,3,1,306,306.1,darmstadt
8.6643384,49.867329,4,1,306,306.1,darmstadt
8.664262,49.8674016,5,1,306,306.1,darmstadt
8.664266,49.8674794,6,1,306,306.1,darmstadt
8.6643089,49.8675338,7,1,306,306.1,darmstadt
8.6644457,49.86759,8,1,306,306.1,darmstadt
8.6645128,49.8675892,9,1,306,306.1,darmstadt
8.6644793,49.8669633,1,1,307,307.1,darmstadt
8.6643519,49.8671552,2,1,307,307.1,darmstadt
8.6642338,49.8673143,3,1,307,307.1,darmstadt
8.6641413,49.8674154,4,1,307,307.1,darmstadt
8.6640944,49.8674621,5,1,307,307.1,darmstadt
8.6651297,49.8676739,1,1,308,308.1,darmstadt
8.6651136,49.8676696,2,1,308,308.1,darmstadt
8.6646549,49.8676402,3,1,308,308.1,darmstadt
8.664384,49.8676194,4,1,308,308.1,darmstadt
8.6642043,49.867603,5,1,308,308.1,darmstadt
8.6641735,49.8676013,6,1,308,308.1,darmstadt
8.66541,49.8677214,1,1,309,309.1,darmstadt
8.6653966,49.8677206,2,1,309,309.1,darmstadt
8.6650452,49.8676929,3,1,309,309.1,darmstadt
8.6646684,49.8676652,4,1,309,309.1,darmstadt
8.6643974,49.8676454,5,1,309,309.1,darmstadt
8.6641534,49.8676237,6,1,309,309.1,darmstadt
8.6651874,49.8677353,1,1,310,310.1,darmstadt
8.665178,49.8677335,2,1,310,310.1,darmstadt
8.6647247,49.8677128,3,1,310,310.1,darmstadt
8.6644015,49.8676972,4,1,310,310.1,darmstadt
8.6641225,49.8676635,5,1,310,310.1,darmstadt
8.6622933,49.8673558,1,1,311,311.1,darmstadt
8.6626352,49.8674163,2,1,311,311.1,darmstadt
8.6633152,49.8675088,3,1,311,311.1,darmstadt
8.6635982,49.8675503,4,1,311,311.1,darmstadt
8.6593857,49.8669495,1,1,312,312.1,darmstadt
8.6599168,49.8670333,2,1,312,312.1,darmstadt
8.6607389,49.8671423,3,1,312,312.1,darmstadt
8.6615852,49.867259,4,1,312,312.1,darmstadt
8.662013,49.8673143,5,1,312,312.1,darmstadt
8.6625856,49.8673878,6,1,312,312.1,darmstadt
8.6635029,49.8675166,7,1,312,312.1,darmstadt
8.663629,49.8675356,8,1,312,312.1,darmstadt
8.6621618,49.8673229,1,1,313,313.1,darmstadt
8.6625414,49.8673592,2,1,313,313.1,darmstadt
8.6631972,49.8674483,3,1,313,313.1,darmstadt
8.6635928,49.8675045,4,1,313,313.1,darmstadt
8.6636679,49.8675166,5,1,313,313.1,darmstadt
8.6591966,49.8669823,1,1,314,314.1,darmstadt
8.6586522,49.8669028,2,1,314,314.1,darmstadt
8.6580178,49.8668138,3,1,314,314.1,darmstadt
8.6574116,49.8667489,4,1,314,314.1,darmstadt
8.6567304,49.8666625,5,1,314,314.1,darmstadt
8.6564286,49.8666314,6,1,314,314.1,darmstadt
8.6561926,49.8665985,7,1,314,314.1,darmstadt
8.6772707,49.8673195,1,1,315,315.1,darmstadt
8.6777213,49.8673463,2,1,315,315.1,darmstadt
8.6783248,49.8673834,3,1,315,315.1,darmstadt
8.6786011,49.8674076,4,1,315,315.1,darmstadt
8.6796284,49.8667567,1,1,316,316.1,darmstadt
8.6794527,49.8669244,2,1,316,316.1,darmstadt
8.6793052,49.8671016,3,1,316,316.1,darmstadt
8.6791617,49.8672979,4,1,316,316.1,darmstadt
8.680189,49.8676134,1,1,317,317.1,darmstadt
8.6797276,49.8675494,2,1,317,317.1,darmstadt
8.6794406,49.8675252,3,1,317,317.1,darmstadt
8.679218,49.8675079,4,1,317,317.1,darmstadt
8.6782229,49.8681424,1,1,318,318.1,darmstadt
8.6783624,49.8680525,2,1,318,318.1,darmstadt
8.6785005,49.8679064,3,1,318,318.1,darmstadt
8.6787325,49.8676471,4,1,318,318.1,darmstadt
8.661097,49.8692687,1,1,319,319.1,darmstadt
8.6613035,49.8692739,2,1,319,319.1,darmstadt
8.6615422,49.8692722,3,1,319,319.1,darmstadt
8.6616844,49.8692704,4,1,319,319.1,darmstadt
8.6618024,49.8692644,5,1,319,319.1,darmstadt
8.6618909,49.8692523,6,1,319,319.1,darmstadt
8.6588117,49.8693525,1,1,320,320.1,darmstadt
8.6581251,49.869356,2,1,320,320.1,darmstadt
8.6575511,49.8693681,3,1,320,320.1,darmstadt
8.6572078,49.8693802,4,1,320,320.1,darmstadt
8.6570361,49.869394,5,1,320,320.1,darmstadt
8.6569047,49.8694338,6,1,320,320.1,darmstadt
8.6568393,49.8694802,7,1,320,320.1,darmstadt
8.6567464,49.8695583,8,1,320,320.1,darmstadt
8.657193,49.8720571,1,1,321,321.1,darmstadt
8.6571702,49.8722386,2,1,321,321.1,darmstadt
8.6571085,49.8724374,3,1,321,321.1,darmstadt
8.6569999,49.8726604,4,1,321,321.1,darmstadt
8.6568926,49.8728221,5,1,321,321.1,darmstadt
8.6568162,49.8729258,6,1,321,321.1,darmstadt
8.6567572,49.872988,7,1,321,321.1,darmstadt
8.6623067,49.8704036,1,1,322,322.1,darmstadt
8.6622892,49.8700527,2,1,322,322.1,darmstadt
8.6622705,49.8697968,3,1,322,322.1,darmstadt
8.6622731,49.8697268,4,1,322,322.1,darmstadt
8.6622302,49.869452,5,1,322,322.1,darmstadt
8.6625467,49.8720191,1,1,323,323.1,darmstadt
8.6625521,49.8723043,2,1,323,323.1,darmstadt
8.6625548,49.8724582,3,1,323,323.1,darmstadt
8.6625735,49.8726578,4,1,323,323.1,darmstadt
8.662595,49.8720243,1,1,324,324.1,darmstadt
8.6625937,49.8720364,2,1,324,324.1,darmstadt
8.6626339,49.8722222,3,1,324,324.1,darmstadt
8.6626621,49.8723813,4,1,324,324.1,darmstadt
8.6626875,49.8725783,5,1,324,324.1,darmstadt
8.6626929,49.8726397,6,1,324,324.1,darmstadt
8.6568403,49.8746846,1,1,325,325.1,darmstadt
8.65665,49.874641,2,1,325,325.1,darmstadt
8.6564219,49.8746086,3,1,325,325.1,darmstadt
8.6561805,49.874574,4,1,325,325.1,darmstadt
8.6610608,49.8759733,1,1,326,326.1,darmstadt
8.6611359,49.8760295,2,1,326,326.1,darmstadt
8.6614913,49.8762101,3,1,326,326.1,darmstadt
8.6615691,49.8762879,1,1,327,327.1,darmstadt
8.6611506,49.8760753,2,1,327,327.1,darmstadt
8.6607188,49.8758523,3,1,327,327.1,darmstadt
8.6600831,49.8755947,4,1,327,327.1,darmstadt
8.6596593,49.8753873,5,1,327,327.1,darmstadt
8.6590022,49.8751989,6,1,327,327.1,darmstadt
8.6570683,49.8747581,7,1,327,327.1,darmstadt
8.6565694,49.8746682,8,1,327,327.1,darmstadt
8.6561671,49.8746043,9,1,327,327.1,darmstadt
8.6614859,49.8769672,1,1,328,328.1,darmstadt
8.661494,49.8768254,2,1,328,328.1,darmstadt
8.6615556,49.8765696,3,1,328,328.1,darmstadt
8.6615798,49.8764642,4,1,328,328.1,darmstadt
8.6626191,49.8768108,1,1,329,329.1,darmstadt
8.6624743,49.8767114,2,1,329,329.1,darmstadt
8.6621672,49.8765437,3,1,329,329.1,darmstadt
8.661962,49.8764417,4,1,329,329.1,darmstadt
8.6693327,49.8789445,1,1,330,330.1,darmstadt
8.6695218,49.8790318,2,1,330,330.1,darmstadt
8.6697525,49.8790984,3,1,330,330.1,darmstadt
8.6697833,49.8791105,4,1,330,330.1,darmstadt
8.6695728,49.8796437,1,1,331,331.1,darmstadt
8.6697002,49.8795331,2,1,331,331.1,darmstadt
8.6698343,49.8793922,3,1,331,331.1,darmstadt
8.6699148,49.8793015,4,1,331,331.1,darmstadt
8.670761,49.8794276,1,1,332,332.1,darmstadt
8.6705397,49.8793732,2,1,332,332.1,darmstadt
8.6702742,49.8792833,3,1,332,332.1,darmstadt
8.6701763,49.8792513,4,1,332,332.1,darmstadt
8.670706,49.8781348,1,1,333,333.1,darmstadt
8.6704968,49.878439,2,1,333,333.1,darmstadt
8.6703224,49.8786887,3,1,333,333.1,darmstadt
8.670183,49.8788927,4,1,333,333.1,darmstadt
8.6700985,49.8790111,5,1,333,333.1,darmstadt
8.6699912,49.8790638,1,1,334,334.1,darmstadt
8.670423,49.8784761,2,1,334,334.1,darmstadt
8.6707449,49.8780388,3,1,334,334.1,darmstadt
8.6707664,49.8779611,4,1,334,334.1,darmstadt
8.6707047,49.8775635,5,1,334,334.1,darmstadt
8.670643,49.8769741,6,1,334,334.1,darmstadt
8.6706537,49.8766509,7,1,334,334.1,darmstadt
8.6706832,49.8763155,8,1,334,334.1,darmstadt
8.6707932,49.8757762,9,1,334,334.1,darmstadt
8.6707449,49.8756345,10,1,334,334.1,darmstadt
8.6706001,49.8755256,11,1,334,334.1,darmstadt
8.6705652,49.8753839,12,1,334,334.1,darmstadt
8.6705947,49.8751194,13,1,334,334.1,darmstadt
8.6706135,49.8748307,14,1,334,334.1,darmstadt
8.6707757,49.8746172,1,1,335,335.1,darmstadt
8.6715227,49.8746362,2,1,335,335.1,darmstadt
8.6720847,49.8746509,3,1,335,335.1,darmstadt
8.6726278,49.8746579,4,1,335,335.1,darmstadt
8.6728893,49.8746553,5,1,335,335.1,darmstadt
8.6730167,49.874638,6,1,335,335.1,darmstadt
8.6730583,49.8746267,7,1,335,335.1,darmstadt
8.669491,49.8742629,1,1,336,336.1,darmstadt
8.6695366,49.8742905,2,1,336,336.1,darmstadt
8.6697042,49.8743839,3,1,336,336.1,darmstadt
8.6700408,49.8745049,4,1,336,336.1,darmstadt
8.6702755,49.8745688,5,1,336,336.1,darmstadt
8.6704552,49.8746008,6,1,336,336.1,darmstadt
8.6704686,49.8746362,1,1,337,337.1,darmstadt
8.6701092,49.8745645,2,1,337,337.1,darmstadt
8.6697619,49.874447,3,1,337,337.1,darmstadt
8.6693703,49.8742879,4,1,337,337.1,darmstadt
8.6691235,49.8741488,5,1,337,337.1,darmstadt
8.6688043,49.8739327,6,1,337,337.1,darmstadt
8.6684918,49.873784,7,1,337,337.1,darmstadt
8.6681217,49.8736639,8,1,337,337.1,darmstadt
8.6678092,49.8736025,9,1,337,337.1,darmstadt
8.6674592,49.8735317,10,1,337,337.1,darmstadt
8.6638194,49.8729664,1,1,338,338.1,darmstadt
8.663574,49.8729751,2,1,338,338.1,darmstadt
8.6633487,49.8729751,3,1,338,338.1,darmstadt
8.6630979,49.8729811,4,1,338,338.1,darmstadt
8.6629316,49.8729846,5,1,338,338.1,darmstadt
8.6653805,49.873179,1,1,339,339.1,darmstadt
8.6653684,49.8731782,2,1,339,339.1,darmstadt
8.6649929,49.8731133,3,1,339,339.1,darmstadt
8.664435,49.8730191,4,1,339,339.1,darmstadt
8.6639348,49.8729457,5,1,339,339.1,darmstadt
8.663692,49.872918,6,1,339,339.1,darmstadt
8.6634345,49.8729163,7,1,339,339.1,darmstadt
8.6632535,49.8729154,8,1,339,339.1,darmstadt
8.6629048,49.8729232,9,1,339,339.1,darmstadt
8.6613679,49.872905,1,1,340,340.1,darmstadt
8.6615798,49.8728981,2,1,340,340.1,darmstadt
8.6617085,49.8728843,3,1,340,340.1,darmstadt
8.6619566,49.8728584,4,1,340,340.1,darmstadt
8.6622275,49.8728359,5,1,340,340.1,darmstadt
8.6621793,49.8758315,1,1,341,341.1,darmstadt
8.6621471,49.8758644,2,1,341,341.1,darmstadt
8.6620586,49.8759465,3,1,341,341.1,darmstadt
8.6619727,49.8760372,4,1,341,341.1,darmstadt
8.6618587,49.8761418,5,1,341,341.1,darmstadt
8.6626983,49.8738834,1,1,342,342.1,darmstadt
8.6626366,49.8734755,2,1,342,342.1,darmstadt
8.6626017,49.8733251,3,1,342,342.1,darmstadt
8.6625588,49.873135,4,1,342,342.1,darmstadt
8.6346236,49.8595892,1,1,343,343.1,darmstadt
8.6347926,49.8592952,2,1,343,343.1,darmstadt
8.634873,49.8591586,3,1,343,343.1,darmstadt
